id	HSK_level	URL	Title_EN	Title_ZH	Description	Content
7062	1	https://hskreading.com/have-time-to-play/	Do you have time to play?	你有空吗？	Learn how to ask if someone has time, or if someone is busy. Great for making plans.	小明：小红，你最近忙不忙？ 小红：和平时一样，不怎么忙，怎么了？ 小明：我最近开始喜欢打乒乓球，想找你一起打。 小红：周六下午我有空，但还不会打乒乓球。 小明：没关系，我可以教你。
7052	2	https://hskreading.com/why-are-you-late/	Why are you late?	你怎么迟到了？	Poor Xiaoming is late to work, but why?	老板：小明，你今天怎么迟到了半个小时？小明：老板，对不起，今天雨下得太大，堵车了。老板：下雨的时候要早点出门，知道了吗？下次不要再这样了。小明：好的老板，我知道了。
6987	1	https://hskreading.com/what-does-your-father-do/	What does your father do?	你爸爸是干什么的？	This Mandarin dialogue contains key sentence structures that you will hear repeatedly in Chinese conversations.	小明：我爸爸昨天才回到家，他从新加坡给我带了礼物。小红：为什么你爸爸前几天不在家？小明：因为他出差了。小红：你爸爸是干什么的？小明：他是一个公司的经理，经常不在家。
6988	2	https://hskreading.com/what-does-your-mother-do/	What does your mother do?	你妈妈在哪里工作？	This Chinese dialogue has lots of useful sentences to be learnt! It’s a fairly informal conversation.	小明：小红，你妈妈做菜可真好吃。小红：是啊，我妈妈是厨师。小明：真的吗？你妈妈在哪里工作？小红：她在一个西餐厅工作，她做的牛排特别好吃。小明：那个西餐厅在哪？我想和女朋友一起去吃。小红：就在市中心。
6963	2	https://hskreading.com/home-for-a-week/	Home for a week	回家一星期	Continuing from the HSK 1 dialogue: this is what happens after staying home for a week. The dialogue concludes at HSK 3 level. The conversation has an informal tone.	妈妈：八点钟了，该起床吃早餐了！我：妈妈，才八点，还很早，我再睡一会儿。妈妈：已经不早了，吃完早餐再睡吧。我：好的。吃完早餐后妈妈：你的房间太脏了，该扫地了，不要睡了。每天都出去跟朋友玩，也不在家陪陪我们。我：那好吧。
6962	1	https://hskreading.com/home-for-a-day/	Home for a day	回家第一天	A Chinese dialogue about heading home for a day. The dialogue continues at HSK 2 and HSK 3 level. The conversation has an informal tone.	妈妈：你回来了，我好想你！真开心啊。我：是啊妈妈，我也很想你。妈妈：你想吃什么？我去给你做饭。我：都可以，妈妈做的我都爱吃。妈妈，房间脏了，我扫一下地。妈妈：你刚回家，太累了，不用扫地，快去休息吧。
6955	1	https://hskreading.com/what-job-do-you-want/	What job do you want?	工作	A HSK 1 Mandarin dialogue discussing what you want to become once you are older.	小明：你以后想干什么？小红：老师，我喜欢小孩儿，你呢？小明：我想当画家，可是我的妈妈不同意。小红：为什么她不同意？小明：她说当画家没钱，她希望我当商人。
6938	2	https://hskreading.com/is-being-a-teacher-good/	Is being a teacher good?	当老师好吗？	This Chinese dialogue is quite informal.	小明：你觉得当老师好吗？小红：很好，老师可以跟小孩玩。小明：我觉得当老师不太好。小红：为什么？小明：因为当老师要讲课，还要改作业，很累，所以我觉得当老师不太好。小红：话是这么说，我还是喜欢当老师。
6931	2	https://hskreading.com/wechat-is-popular/	WeChat is very popular	微信	An article about WeChat and its prevalence in Chinese society. In WeChat terminology: stickers are gifs that can be sent in conversations to convey emotions.	微信是中国最流行的软件，差不多每个年轻人都有微信。大家用微信来聊天，谈工作，点外卖等等。用微信聊天的时候，年轻人会用表情包，特别好玩。微信还可以发“朋友圈”，让朋友了解你的生活；还可以用微信来给钱。
6926	1	https://hskreading.com/baidu/	Baidu	百度	A short Chinese article about Baidu. It is China’s most popular search engine.	“百度”是中国人最经常用的软件。百度，和谷歌差不多，可以用来提问，找图片，找视频等等。我们常常说“百度一下，你就知道”，意思是，你有什么不懂的，在百度上都可以找到答案。
6644	2	https://hskreading.com/the-tortoise-and-the-hare/	The Tortoise and the Hare	龟兔赛跑	A beginner’s version of the Tortoise (乌龟) and the Hare (兔子).	兔子和乌龟在夏天比赛跑步。兔子跑得很快，她看见乌龟还在慢慢地走，就先在树下睡觉了。乌龟虽然走得很慢，但是他没有停下，一直走。兔子睡醒的时候，乌龟已经赢了。这个故事告诉我们不要放弃，坚持就会有结果。
6637	2	https://hskreading.com/dumplings/	Dumplings	饺子	Dumplings (饺子) are staple food in China.	饺子是中国最重要的食物。中国人常常吃饺子，早饭、午饭或者晚饭；也会在重要的节日吃饺子，比如春节。饺子的皮是用面粉做的，里面包着不同的食物，肉、菜什么的，很好吃。
6602	2	https://hskreading.com/come-and-see-china/	Come and see China!	来中国玩吧	China has lots of places to visit; from the cold Harbin (哈尔滨) to the sunny Hainan Islands (海南岛).	中国有很多好玩的地方。如果你喜欢冬天，可以去哈尔滨，它在中国的最北边，冬天会下雪，可以去“冰雪大世界”玩儿。如果你喜欢夏天，可以去海南岛，它在中国的最南边，有大海、沙滩和热情的人们。
6569	2	https://hskreading.com/where-is-the-park/	Where is the park?	公园在哪里？	Learn some directions and bearings such as: North (北), East (东), South (南), and West(西).	This is the 2nd part of a conversation that started at HSK 1. It continues at a HSK 3 level.小红：我们要去哪个公园玩？小明：你想去哪个公园？在学校西边的公园可以游泳，但不可以钓鱼；学校东边的公园可以看猴子和爬山，你想去哪个？小红：我想去看猴子！小明：那我们就去东边的公园吧。
6568	1	https://hskreading.com/lets-go-to-the-park/	Let’s go to the park	我们去公园玩吧	A Chinese dialogue about going to the park (公园).	小明：小红，你星期六想去玩儿吗？还是你想在学校学习？小红：你想去哪里？小明：星期六我们去公园吧，夏天来了，我们可以去游泳。小红：好啊！小明：那星期六早上九点，我在学校门口等你。
6539	1	https://hskreading.com/where-do-you-come-from/	Where do you come from?	你是哪国人？	One of the most common questions you will hear travelling around China is “Where are you from?”	小明：小红，你是英国人吗？小红：我不是，我是美国人，你呢？小明:我是加拿大人，我爸爸是中国人，我妈妈是加拿大人。小红：哦，我们班也有一个加拿大人。小明：是吗？那下次我去找他玩儿。  
6421	1	https://hskreading.com/favourite-animals/	Favourite animals	最喜欢的动物	Talking about favourite animals in this Chinese dialogue. Personally, I like cats (猫).	小明：小红，你最喜欢什么动物？小红：最喜欢狗，你呢？小明：猫，我想养一只猫。小红：你可以养啊，你自己住吗？小明：是的，我自己住。你下午跟我一起去宠物店，可以吗？小红：好的！
6422	2	https://hskreading.com/how-much-are-the-peaches/	How much are the peaches?	桃子怎么卖？	Buying items at a shop is a very important thing for beginners to learn.	斤is a Chinese measurement of weight equivalent to half a kilogram.小明：老板，请问桃子怎么卖？老板：桃子18块一斤。小明：桃子新鲜吗？老板：刚从树上摘下来的，很新鲜，很甜。小明：那我要这些，您看多少钱？老板：26块。小明：给您30。老板：好的，找你四块钱。
6403	2	https://hskreading.com/soon-it-will-be-summer/	Soon it will be summer	夏天快到了	Summer (夏天) is a great time to travel around China.	了should be read as “le” and not “liao” as given in the annotations.快五月了，天气越来越热了，夏天也快到了。在夏天，人们喜欢去游泳，有时在游泳池里，有时在大海里。夏天去海滩很好玩。夏天到了，西瓜也成熟了，很甜，所以在夏天，人们特别喜欢吃西瓜。
6402	1	https://hskreading.com/the-chinese-flag/	The Chinese Flag	中国的国旗	The Chinese flag was adopted on October 1, 1949.	中国的国旗有两种颜色：红色和黄色；国旗主要是红色的，星星是黄色的。国旗上有五颗星星，一颗大星星，和四颗小星星。五颗星星是人民团结在一起的意思。
6382	2	https://hskreading.com/north-south-china/	China’s North and South	中国的南北方	The Qinling Huaihe line is used to distinguish between North and South China.	以“秦岭-淮河”为线，这条线的北方是中国的北方，这条线的南方是中国的南方。中国的南北方是很不一样的。中国的北方比南方冷，但是中国的南方比北方更经常下雨。中国南北方吃的东西也是不一样的。
6381	1	https://hskreading.com/china/	About China	中国	Learn some basic facts about China in this beginner’s Mandarin passage.	中国在亚洲的东南部，是全世界人口最多的国家。中国很大，是世界第二大国家，面积为960万平方公里；从地图上看，中国像一只公鸡。中国一共有五千年的历史。
6375	2	https://hskreading.com/taking-a-test/	Taking a test	考试	Tests (考试) are a big part of school life in China.	昨天晚上我很晚才睡，因为今天早上我要考试，但是还没有复习，所以学习到很晚。早上我去考试之前，觉得很累，喝了一杯咖啡。考试开始，我就不累了。我很快地完成了试卷，然后就回家睡觉了。
6355	1	https://hskreading.com/going-to-the-hospital/	Going to the hospital	去医院	No one likes having a fever (发烧). Learn some other key words such as hospital (医院) in today’s beginner reading.	今天早上，我发烧了，就去了医院。我坐在医院的椅子上，等医生看病。有一个奶奶问我，是不是自己来的医院？我说：“是的。”她就给了我面包和一杯水。我真感动啊！
6334	2	https://hskreading.com/lets-build-a-snowman/	Let’s build a snowman	我们堆雪人吧	This Chinese dialogue is about making a snowman (雪人). Learn some colours and body parts at the same time!	小明：你看，下雪了！小红：我们一起去堆雪人吧。小明：雪人想要什么颜色的眼睛呢？小红：黑色！小明：那鼻子呢？小红：红色！小明：好的，那我先回家给雪人找黑色的眼睛和红色的鼻子。
6315	1	https://hskreading.com/what-do-you-do-at-home/	What do you do at home?	你在家干什么？	This Chinese dialogue has some key vocabulary: computer (电脑), TV (电视), and TV program (电视节目) .	小红：小明，你在家会干什么？小明：我会在家玩电脑游戏，你呢？小红：我喜欢在家看电视。小明：你喜欢看什么节目？小红：我喜欢看体育比赛。我最喜欢看篮球比赛了！小明：那周末我们一起看吧！
6109	2	https://hskreading.com/dont-overdo-it/	Don’t overdo it!	画蛇添足	This article is about the Chinese idiom画蛇添足. Most Chinese idioms are composed of 4 characters.	有个比赛：谁画的蛇最好谁就可以喝酒。四个人来参加比赛。有一个人很快就画好了，看到别人还在画，最后他给蛇画了四只脚。他输掉了比赛，因为蛇本来就是没有脚的！这个故事告诉我们，不要去做没必要的事情。
6054	1	https://hskreading.com/talking-about-weather/	Talking about weather	谈天气	Talking about weather is important.	我最喜欢北京的春天。因为在春天，北京的天气特别好，总是晴天，天空很蓝，我喜欢蓝天。但是我不喜欢下雨，所以不喜欢冬天的桂林。冬天的时候，桂林一下雨就冷，天气很不好。
5996	1	https://hskreading.com/is-doctor-zhang-available/	Is Doctor Zhang available?	打电话	A chinese dialogue about booking a doctor’s appointment.	小明：喂，你好！我是小明。小红：你好，小明，请问你有什么事吗？小明：请问今天中午张医生有空吗？小红：张医生中午没空，但是下午有空。小明：好的，我下午去医院找她！谢谢，再见！小红：再见。
5978	2	https://hskreading.com/where-do-they-reside/	Where do they reside?	它们住在哪儿？	A dialogue talking about where vehicles are to be found.	哥哥：弟弟，你知道飞机住在哪儿吗？弟弟：我知道，住在机场。那你知道火车住在哪儿吗？哥哥：住火车站！那公共汽车呢？弟弟：住在汽车站！哥哥：那你知道动车和高铁住在哪儿吗？弟弟：我知道！它们都住在高铁站！
5969	2	https://hskreading.com/what-birthday-present-do-you-want/	What birthday present do you want?	你想要什么生日礼物？	Birthdays (生日) are the topic of this Chinese dialogue.	姐姐：妹妹，你的生日快到了。妹妹：对！是后天，我想要生日礼物！姐姐：你想要什么？手表吗？妹妹：不是，你再猜。姐姐：是自行车吗？妹妹：对！我想要一辆黑色的自行车。姐姐：好的，我给你买。
5943	1	https://hskreading.com/my-family-members/	My family members	我的家人	Family (家庭) is important! Learn how to introduce your family by learning from this Chinese article.	大家好，我的名字是小明，今年七岁了。我家有五口人，爸爸、妈妈、姐姐和弟弟。我的爸爸是老师，他教数学。我的妈妈也是老师，她教地理。我的姐姐是一名大学生，弟弟还没上学。
5856	2	https://hskreading.com/like-dragons/	Does he really like dragons?	叶公好龙	Chinese idioms are called成语.	古代有一个叫叶公的画家，他喜欢龙，在家里画了很多。他希望真的龙会出现。龙知道了，就飞来他的家里。他看见真的龙，很害怕，就跑了。这个成语的意思是，他自己说喜欢那个东西，但其实不是真的喜欢。
5844	1	https://hskreading.com/chinese-students/	Chinese students	中国的学生	Learn about the schooling in China where classes tend to be a lot larger: with upwards of 70 students in a class.	中国的学生，六岁读小学，小学有六年。他们十二岁读初中，初中有三年。十五岁的时候读高中，高中有三年。学生在学校里可以学习，还可以交很多朋友，和朋友们一起玩。
5833	1	https://hskreading.com/what-will-you-eat-at-lunch/	What will you eat at lunch?	今天中午吃什么？	Learn how to talk about lunch (午饭) plans.	小明：小花，你中午去哪里吃饭？小花：去饭店！小明：你去吃什么呢？小花：我吃米饭和宫保鸡丁。小明：我也想吃宫保鸡丁，我们一起去吧。
5773	1	https://hskreading.com/going-to-beijing-together/	Going to Beijing together	我们一起去北京	In this Chinese dialogue, a father and son make plans to go to Beijing (北京).	儿子：爸爸，我想去北京。爸爸：为什么呢？儿子：因为北京很好玩儿，我爱北京。爸爸：那我们现在就坐出租车去机场吧！儿子：爸爸真好！谢谢爸爸！爸爸：不客气。
5758	2	https://hskreading.com/i-want-to-buy-a-watch/	I want to buy a watch	我要买手表	Today’s beginner dialogue teaches some vital sentences to use when shopping (买东西).	Simply place an adjective between太and了.小明：您好，我要买手表，这个多少钱？服务员：500元。小明：这个手表太贵了，有便宜点儿的吗？服务员：您看这个黑色的，200元。小明：还有其他颜色吗？服务员：红色。小明：那我买这个红色的手表吧。
5689	2	https://hskreading.com/my-room/	My room	我的房间	Today’s Chinese article looks at common items to have in a bedroom.	今天，给大家介绍一下我的房间。房间里放着一张床，一张桌子。墙上挂着一张地图。地上有两个篮球，一个足球和一双鞋。因为我喜欢旅游，也喜欢打篮球和踢足球，所以我把地图、篮球和足球都放在房间里。
5233	1	https://hskreading.com/lets-play-basketball/	Let’s play basketball!	让我们打篮球吧！	Basketball (篮球) is very popular in China, with cities having many basketball courts (篮球场)	莉莉：今天天气那么好，你想要做什么？小明：让我们打篮球吧！莉莉：在哪里有篮球场呢？好像城市里没有篮球场。小明：新开的体育馆有啊，我可以开车去。莉莉：好吧，但是你要让着我！
5179	2	https://hskreading.com/forgot-mothers-birthday/	I forgot my mother’s birthday	我忘了妈妈的生日	This beginner’s Chinese dialogue talks about forgetting things.	莉莉：艾玛，我有个大麻烦。艾玛：什么事？莉莉：明天是我妈妈的生日，但是我还没有买礼物。艾玛：你为什么没有买礼物？莉莉：说实话，我忘了。艾玛：那你马上出去买礼物！莉莉：我不知道我应该给她买什么。艾玛：我跟你去商场吧，我可以帮你选一个合适的礼物。莉莉：好的，谢谢。
5154	1	https://hskreading.com/can-you-help-me/	Can you help me find my hat?	你能帮我一下吗？	A longer beginner’s dialogue today to help push your Chinese along.	妈妈：小红，你能帮我一下吗？小红：你想要什么帮助？妈妈：我的新帽子丢了，你能帮我找一下吗？小红：好的，你看看是不是在厨房里，我看下是不是在客厅里。两分钟以后。。。小红：我找到了！你的帽子在沙发下面。妈妈：谢谢你！
5146	2	https://hskreading.com/what-school-do-you-go-to/	What school do you go to?	你在什么学校上学？	Another beginner’s Mandarin dialogue. This time talking about schools (学校).	艾玛：你在什么学校上学？莉莉：我在阳光中学上学。艾玛：你喜欢你的学校吗？莉莉：我很喜欢。艾玛：你为什么喜欢你的学校？莉莉：因为我的老师很善良。艾玛：你最喜欢的科目是什么？莉莉：我最喜欢的科目是地理。艾玛：为什么？莉莉：因为我觉得地理很有意思。我可以学习其他国家的文化。
5088	2	https://hskreading.com/a-chefs-favorite-food-to-cook/	A chefs’ favorite food to cook	我最喜欢做的食物	Read about cooking (做饭) and favourite foods in this beginner Chinese article.	我是一位厨师，所以我很喜欢食物。让我告诉你我喜欢做的食物是什么。巧克力蛋糕是我最喜欢做的食物，因为巧克力蛋糕的做法很复杂。我觉得做复杂的食物很有趣。我不喜欢做的食物是炒鸡蛋，因为做炒鸡蛋真的很简单。
5046	1	https://hskreading.com/my-house-has/	My house has…	我的家	Talk about your house and the items contained within in today’s reading article for beginners.	大家好，我的名字叫小红。今年我三十五岁。我有我自己的家，里面有很多东西，比如，电视，冰箱，沙发等等。我的家也有一个车库，一个小花园，还有一个地下室。你想来看看我的家吗？
5011	1	https://hskreading.com/gave-me-a-present/	My friend gave me a gift	我的朋友送给我一个礼物	Mandarin reading article at a HSK 1 level. Learn important sentence structures for Chinese beginners.	今天我很高兴，因为我的好朋友送给我一个礼物。当我回家的时候我会打开这个礼物。我很想知道里面有什么！我的朋友为什么给我一个礼物呢？因为今天是我的生日！
4979	1	https://hskreading.com/do-you-want-to-watch-a-movie-with-me/	Do you want to watch a movie with me?	你想跟我看电影吗？	After reading the Mandarin dialogue below, you will be able to invite your friends to the movies (电影).	小红：小明，你明天想跟我去看电影吗？小明：什么电影？小红：狮子王。小明：我不太喜欢狮子王。小红：那我们看星球大战吧？小明：好的，然后我们可以喝咖啡。小红：好的，明天见!
4953	2	https://hskreading.com/zoos-are-fun-places/	Zoos are fun places	动物园是很有趣的	Today’s Mandarin article is talking about animals at the zoo.	动物园真是一个有趣的地方。在这里你可以看到各种各样的动物。有黑白颜色可爱的大熊猫。有正在开屏，五颜六色的孔雀。有正在爬树的猴子。有脖子长长的长颈鹿。有鼻子细长，身体庞大的大象。还有我最喜欢的老虎。
4901	2	https://hskreading.com/what-is-happiness/	What is happiness?	幸福是什么？	Find the meaning of happiness by reading this beginner’s Chinese article.	
4782	2	https://hskreading.com/your-food-delivery-might-be-a-little-late/	Your food delivery might be a little late	你的外卖可能会晚到一会	美团外卖is a company that delivers food in China. You can review delivery drivers and give them one to five stars for their service. It is very common to give 5 stars (五星).	送餐员：您好，我是美团外卖送餐员。不好意思，您的外卖可能会晚到一会，饭店在用餐的顾客太多了。我：好，我可以等一会。送餐员：谢谢，我会尽快送到的。十分钟以后。。。送餐员：您好，这是您的外卖。我：谢谢你。送餐员：如果您对我的服务满意的话，请稍后给我一个五星好评可以吗？我：没问题!
4760	2	https://hskreading.com/what-is-your-dream/	What is your dream?	你的理想是什么？	Learn how to ask someone what they aspire to do, or what their dream is!	小红:小明，你的理想是什么？小明:我想当一名探险家，去发现世界上别人不知道的地方。你呢？小红:我想当一名医生。别人生病的时候，我就可以帮助他们，让他们不再痛苦。小明:你真善良! 小红:我当医生以后，一定要研究出不苦的药。这样小朋友们就会不讨厌吃药了。小明:太好了。
4433	1	https://hskreading.com/my-day/	My day	走路去上学	A passage about going to school. Read slowly before answering the comprehension questions below.	今天我七点醒了。然后，我穿好衣服了。我八点半走路去上学。我不骑自行车，因为车子坏了。我不坐公共汽车，因为公交车车票太贵了。走路的时候突然下雨了，我讨厌下雨。我喜欢晴天。
4437	1	https://hskreading.com/mr-browns-garden/	Mr Brown’s Garden	布朗先生的花园	This Chinese reading describes Mr Brown’s life, and his garden.	布朗先生住在一个漂亮的房子里。从周一到周五，他在自己家附近的一间办公室里工作。周末的时候，他不需要工作。他还有一个漂亮的花园，他会在花园里种些植物。他很享受在花园里忙碌的时光，那是他最开心的时候。
4365	1	https://hskreading.com/jims-family/	Jim’s family	吉姆的家庭	艾米is the name “Amy” and吉姆is how people say “Jim” in Chinese.	我的名字是艾米。我来自美国。吉姆是我的好朋友，他来自英国。吉姆的爸爸是一名警察。吉姆的妈妈是一名漂亮的护士。哦，对了，吉姆的姑姑是一名电视主持人。吉姆还有一个妹妹，她今年七岁了。我和她也是好朋友。
4144	1	https://hskreading.com/me-and-my-family/	Me and my family	我和我的家庭	亚历山大is the name “Alexander”. Find out more about Alexander in today’s Chinese reading article!	我的名字是亚历山大，我二十岁。我的家里有四口人。我的爸爸是一位生意人。他喜欢他的工作。我的妈妈是一位护士。她不喜欢她的工作。我的哥哥和我都上大学。
4136	2	https://hskreading.com/likes-and-dislikes/	Likes and dislikes – Also Baymax?	大白		琪琪最喜欢的水果是苹果和橘子。她也很喜欢香蕉。她不喜欢吃肉，也不喜欢喝牛奶。她还喜欢吃鱼肉，喜欢米饭。她不喜欢喝咖啡，不喜欢喝茶，但是她很喜欢喝果汁。她有一只宠物猫，它的名字是大白。大白也很喜欢吃鱼肉。琪琪有时间的时候，会陪着大白一起在阳台上晒太阳。
4125	2	https://hskreading.com/personal-introduction/	Personal introduction	自我介绍	Read this article and learn how to introduce yourself in Chinese! 	大家好，我是丽丽。今年我九岁了。我长的很高，头发也很长。我有一双大眼睛和浓密的眉毛。我有一位好朋友，她的名字是琪琪。她也很漂亮，很聪明。每天早晨我们总是一起去学校，我们两个人都喜欢游泳，每天我们都很开心。希望我们是一辈子的好朋友。
4102	2	https://hskreading.com/my-favourite-day/	My favourite day	我最喜欢的一天	Learn to describe your day in Mandarin Chinese.	我叫小明。我最喜欢的一天是10月18日，因为那天是我的生日。我很高兴。那天早餐我吃鸡蛋和豆浆。我的朋友来我家和我玩，我们一起做游戏。有人弹钢琴，有人弹吉他。午餐很好吃，妈妈为我们准备了一个很大的生日蛋糕。午饭后，我的父母带我去看了我最喜欢的电影。那天我很累，但是我很快乐。
4092	2	https://hskreading.com/buying-some-fruit/	Buying some fruit	买水果	This beginner’s Chinese passage is about buying fruit. 	我叫彼得，我来自新加坡。今天天气很晴朗。妈妈和我在超市购物。我们买了很多水果。我喜欢吃香蕉和葡萄。爸爸和妈妈喜欢苹果和橘子。超市里有很多蔬菜。黄瓜和茄子是我最喜欢的蔬菜。胡萝卜对身体健康有好处，我父母和我都很喜欢。
4045	1	https://hskreading.com/foods-we-like-and-dislike/	Foods we like and dislike	我们喜欢和不喜欢的食物	This beginner’s reading article talks about likes and dislikes.	我叫比尔。我有两个好朋友，凯利和吉姆。我们都喜欢早餐吃热狗，午餐吃鸡肉和土豆。凯利喜欢胡萝卜和西红柿。吉姆不喜欢。他只喜欢西兰花。吉姆和我晩饭喜欢吃冰淇淋和沙拉。但是凯利喜欢茄子和大米。
4027	2	https://hskreading.com/family-introduction/	Family introduction	介绍我的家庭	Learn how to talk about your family in today’s Mandarin reading article.	我叫彼得。我有一个大家庭。我父亲四十六岁。他是一位老师。他喜欢画画。他总是穿一套黑西装。我母亲四十四岁。她是个医生。现在她穿着白色制服。她在医院工作。她喜欢音乐。我的祖父母是军人。他们很老，但很健康。我弟弟十六岁。他是个学生。他喜欢运动。
4024	1	https://hskreading.com/me-and-my-friend/	Me and my friend	我和我的朋友	大卫is David in Chinese. Non-Chinese names are commonly given phonetical translations.	你好！我叫高伟。我有一个朋友，他是英国人。他的名字叫大卫。他十二岁。我也是十二岁。我们都喜欢骑自行车。我们不喜欢打篮球。大卫最喜欢的季节是冬天。我最喜欢的季节是夏天。
3975	2	https://hskreading.com/look-at-the-giraffe/	Look at the giraffe!	长颈鹿		妈妈：儿子，快看，长颈鹿。儿子：哇，它好高啊。它有一个长长的脖子和黄色的毛。妈妈：是的，所以它才叫长颈鹿啊。儿子：它还有四条长长的腿，而且还很细。妈妈：快看，它的尾巴。儿子：好可爱啊，它的尾巴摇来摇去的，像一个小闹钟的指针。妈妈：哈哈，你的想象力可真丰富。儿子：妈妈，我们再去看其他动物吧。
3901	1	https://hskreading.com/what-is-your-favourite-subject/	What is your favourite subject?	你最喜欢的科目是什么？	Learn how to talk about your favorite subjects (科目) in this beginner’s dialogue.	丽丽：请问，你最喜欢的科目是什么？小明：我最喜欢历史。我对历史很感兴趣。你呢？丽丽：我最喜欢地理，因为我觉得看地图很有意思。小明：那你长大以后想做什么？丽丽：我想当地理学家！你呢？小明：我想当历史学家！
3676	2	https://hskreading.com/my-kitten/	My Kitten	我的小猫	A short beginner’s Chinese reading about a kitten.	我的家里有一只小猫，它是白色的。它的名字是花花。每天它都给全家带来很多欢乐。它会在房间里跑，玩玩具，躺在沙发上晒太阳。我很喜欢花花。
3672	2	https://hskreading.com/what-will-you-do-after-school/	What will you do after school?	放学以后你要做什么？	What will you do after shool? This is the subject of today’s short beginner dialogue.	小明:小刚，放学以后你要做什么？小刚:当然是写作业了，语文数学英语作业。你呢？小明：我也要写作业，然后我要去游泳。小刚：好羡慕你啊！
3619	1	https://hskreading.com/lets-play-football/	Let’s play football	让我们一起去踢足球	A short Chinese dialogue about making plans to play football (足球).	小刚：今天天气怎么样？小明：今天天气很晴朗。小刚：那我们一起去踢足球吧，好久都没有去了。小明：好，那我们一起去！
3615	2	https://hskreading.com/i-want-to-go-to-the-supermarket/	I want to go to the supermarket	我想要去超市	Head to the supermarket (超市) in today’s beginner Chinese dialogue.	妻子：今天我想要去超市买蔬菜，你想吃什么呢？丈夫：我想吃蘑菇和白菜。妻子：好的。二十分钟以后。。。妻子：我回来啦!蘑菇五块钱，白菜十二块钱。丈夫：五块钱？太贵了！妻子：是的，白菜也很贵。
3611	1	https://hskreading.com/how-is-the-weather-today/	How is the weather today?	天气怎么样？	A short Chinese dialogue introducing a very useful question:今天天气怎么样meaning” What’s the weather like today?”.	小明：今天天气怎么样？小刚：今天天气很好，阳光很好。小明：我们一起去放风筝吧！小刚：太好了！
3552	2	https://hskreading.com/new-student/	New student	新学生	This is a longer Chinese dialogue for beginners. Don’t be put off by it’s length; work through slowly and carefully.	李磊：你好，我是新来的学生。韩梅梅：你好，我的名字是韩梅梅。欢迎来到我们的学校！李磊：谢谢，我非常喜欢我的新学校。韩梅梅：我也是。咱们一起去教室吧？李磊：好的，我们走。那位男老师是谁呢？他是我们的语文老师吗？韩梅梅：不，他是我们的英语老师，张老师。李磊：明白了。这位女生又是谁呢？韩梅梅：她是李娟，也是一位新学生。
3548	2	https://hskreading.com/new-classroom-and-book-bag/	Our new classroom	我们的新教室	A Chinese dialogue between two friends. Learn how to talk about quantities of items.	小红：快看，我们的新教室！小明：哇，有好多书啊！小红；你能看到多少本中文书？小明：我能看到十二本中文书。小红：有多少把椅子呢？小明：有三十五把椅子。小红：我的书包好沉啊！小明：你书包里有什么？小红：有十本故事书和十二历史书。小明：太沉了吧！
3527	1	https://hskreading.com/do-you-like-vegetables/	Do you like vegetables?	你喜欢吃蔬菜吗？	A simple beginner’s Chinese dialogue. Learn the names of various vegetables (蔬菜).	小明：这是什么？王刚：这是茄子。小明：你喜欢茄子吗？王刚：喜欢。小明：那是什么？王刚：那是黄瓜。小明：你喜欢吃黄瓜吗？王刚：不，我不喜欢，我喜欢吃西红柿。
3457	1	https://hskreading.com/how-tall-are-you/	How tall are you?	你多高？	This dialogue is talking about height – if you ever travel around China you might be asked this quite a lot.	小明：王刚，好久不见，你看起来长高了。你多高？王刚：小明，我现在180厘米。暑假锻炼身体，每天游泳，可能长高了。小明：一定是的，锻炼身体太有帮助了。王刚：小明，你现在多高？小明：我只有170厘米，太矮了！
3454	1	https://hskreading.com/my-family/	My family	我的家庭	This beginner’s Mandarin dialogue will teach you how to introduce people to your family.	小明:王刚，欢迎来到我的家!王刚:谢谢小明!小明:这是我的爸爸，妈妈.王刚:叔叔好，阿姨好。小明经常提到您们。妈妈爸爸:你好，认识你很高兴。小明:我还有一个姐姐，但是她不在。她在大学里工作。王刚:希望下次可以看到她!
3436	2	https://hskreading.com/do-you-have-any-pets/	Do you have any pets?	你有宠物吗？	A Mandarin dialogue talking about and describing pets.	佳琪：小红，你有宠物吗？小红：有的。我们家有一条狗，一只猫。我很喜欢和它们一起玩。佳琪：我想要宠物，可是我妈妈不同意，她说，太麻烦了！小红：不会的，小动物们都很聪明，很好玩。
3432	2	https://hskreading.com/welcome-what-do-you-want-to-buy/	Welcome, what do you want to buy?	欢迎光临，您想买什么？	This Chinese article is a conversation between a shop assistant (售货员) and customer (顾客).	售货员：欢迎光临，有什么可以帮您的吗？顾客：我想买一条裤子，最近天气很冷。售货员：是的，最近真的很冷。您看这条裤子喜欢吗？有黑色和蓝色两种。顾客：请帮我拿一条黑色中号吧，我试试。售货员：感觉怎么样？顾客：很喜欢，多少钱？售货员：150元，请您到收银台交钱。顾客：谢谢！
3429	2	https://hskreading.com/what-is-in-your-pencil-case/	What is in your pencil case?	你的文具盒里有什么？	In this Chinese article, pay attention to the measure words used.	李明:小红，你的文具盒好漂亮啊！里面有什么呢？小红：文具盒里面有三根铅笔、一块橡皮、一个转笔刀，两支笔、还有我的课程表。李明：你准备的真多！
3414	2	https://hskreading.com/time-goes-by-quickly/	Time goes by quickly	时间	A short Chinese passage about time.	时间过的好快啊，一周又过去了。一周有七天，一天有二十四个小时，每个小时有六十 分钟，每分钟有六十秒。睡觉的时间有七个小时左右，学习的时间有八个小时左右，其他的时间就用来吃饭或看电视。
3411	1	https://hskreading.com/what-do-you-want-to-eat/	What do you want to eat?	你想吃什么？	A food-based conversation in today’s Chinese reading article.	妈妈：小明，你晚饭想吃什么呢？小明：我想吃面条！妈妈：好啊，那妈妈给你做面条，但是咱们需要先去超市买菜。小明：好的，我也想去超市。妈妈：那咱们赶紧出发吧！
3398	2	https://hskreading.com/all-kinds-of-colors/	All kinds of colors	各种颜色	This Chinese article introduces lots of different colours.	每天出门的时候，大家会看到各种各样的颜色。绿色的大树和小草，红色的小花，白色的云，蓝蓝的天空，以及灰色，白色，黑色的车子。这些颜色都很漂亮，让我们感觉很高兴。
3392	2	https://hskreading.com/my-least-favourite-season-is/	My least favourite season is…	我最不喜欢的季节	A short Chinese passage talking about the writer’s least favourite seasons.	我最不喜欢的季节是冬天。因为冬天的时候，我总是会感冒，发烧，肚子不舒服。而且，因为天气寒冷，我还需要穿上厚厚的羽绒服和不舒服的裤子。冬天的水果也不好吃。
3299	2	https://hskreading.com/what-do-you-want-to-do-tomorrow/	What do you want to do tomorrow?	明天你想做什么？	A reading article in Mandarin Chinese aimed at beginners.	小红：李明，明天你打算做什么？李明：我还没想这个问题呢。我真不知道。你呢？小红：我打算去动物园。听说，动物园里新来了几只可爱的大熊猫，我想去看看！李明：大熊猫！好可爱！我也想去！小红：好啊，那我们可以一起去。李明：哦，我突然想到，明天我还需要写一篇文章。小红：啊，那我们后天去吧李明：好的。
3186	1	https://hskreading.com/i-will-go-to-beijing-zoo/	I will go to Beijing Zoo	我会去北京动物园	A Chinese reading article talking about going to the zoo (动物园)!	明天我会去北京动物园。我会玩的开心。我会跟我妈妈和妹妹一起去。我想看狮子，我妈妈想看猴子。我们都想看大熊猫。大熊猫很可爱！你喜欢大熊猫吗？
3133	1	https://hskreading.com/what-will-you-do-today/	What will you do today?	你今天会做什么？	A staple for beginners learning any language is being able to say “what will you do today?”.	小明：你今天会做什么？王刚：我今天会很忙，我会去看我的奶奶。你呢？小明：今天我不忙，我会去看电影。王刚：你明天会做什么？小明：明天我会学习。你呢？王刚：明天我会去看我的姥爷。
6989	3	https://hskreading.com/can-you-give-me-a-discount/	Can you give me a discount?	能打折吗？	Chinese restaurants are fantastic about offering discounts to regular customers. Find out how to ask for one in today’s Chinese dialogue.	小明：老板，买单。经理：好的，您一共消费了300元。小明：老板，我经常来这里吃饭，您看能不能便宜一点儿？打个折。经理：那行，就给你打个九折，270元吧。以后常来。小明：好的，谢谢老板，您的店可以用支付宝吗？经理：支付宝、微信、现金都可以。
6964	3	https://hskreading.com/home-for-a-month/	Home for a month	回家一个月	A continuation of the dialogue found both in our HSK 1 and HSK 2 sections. This continues on an intermediate level. The conversation has an informal tone.	妈妈：你每天都在家干什么？也不出去跟朋友玩。我：不是您让我在家陪你们的吗？妈妈：那你也不能每天都在家啊！你要和别人沟通，交流。每天在家就知道玩游戏。我：我知道了。妈妈：你知道你为什么会感冒吗？就是因为在家玩手机玩太多了。现在就去跑步吧。我：那好吧。
6956	4	https://hskreading.com/dou-yin-chinese-video-app/	About Dou Yin (Chinese video app)	抖音	A short HSK 4 reading article about a popular video app in China. It’s similar to Vine or TikTok.	抖音是现在中国年轻人中最流行的短视频（指20秒以内的视频）软件。大家把生活里开心的、不开心的、难忘的事情拍成各种各样不同的视频，分享在抖音里。抖音里的视频有的很搞笑，有的很感人。通过抖音，你可以知道中国的年轻人喜欢干什么，他们的生活是怎么样的。
6953	3	https://hskreading.com/graduation/	Graduation!	毕业	A short Chinese dialogue focused upon the word毕业meaning ‘to graduate’.	小明：我们毕业了！小红：是啊！恭喜你毕业了！小明：同喜同喜！你毕业以后去哪里？小红：我回家乡工作，你呢？小明：我去上海的公司工作，我很喜欢上海，上海是个国际化的城市。小红：祝你好运。
6933	3	https://hskreading.com/didi/	DiDi	滴滴	A Chinese reading article about the popular phone app DiDi. It allows people to order taxis and is very similar to Uber (for reasons you will see below).	滴滴是最常用的打车软件。因为滴滴比较便宜，所以无论距离是远还是近，大部分中国人都用滴滴来打车。在中国，可以用Uber的账号来登陆滴滴，因为滴滴收购了Uber。外国人第一次来中国旅游，不懂汉语，可以直接用Uber来打车，司机跟你的对话会被翻译成英文。
6629	3	https://hskreading.com/mend-fold-after-sheep-lost/	To mend the fold after the sheep are lost	亡羊补牢	The title of this article is亡羊补牢. It is a Chinese idiom that can mean “to act belatedly” or “better late than never”.	从前有个人养了很多羊，但是没有给羊建一个羊圈。有一天晚上，从山上跑下来很多狼，吃掉了他十只羊。他很后悔，他应该给羊建一个好的羊圈。在羊被吃掉了以后，他才给羊建了一个羊圈。这个成语的意思是，事情已经发生了，才补救。
6601	3	https://hskreading.com/about-guilin/	About Guilin	桂林	Guilin is one of the most popular tourist destinations in China. It is a city surrounded by fantastic scenery.	桂林是中国一个有名的旅游城市。它属于广西壮族自治区，在中国的南方。这里的风景很漂亮，有山，有河，还有便宜的食物。桂林的山不是很高；从城市中穿过的河叫漓江，很干净；桂林的米粉好吃又便宜。
6603	3	https://hskreading.com/about-nanjing/	About Nanjing	南京	Learn about Nanjing in today’s intermediate article.	南京在中国的江苏省，是一座历史悠久的城市，因为在古时候，南京是六个朝代的首都。如果你喜欢中国历史，一定要来南京玩儿。南京的秋天不冷不热，很舒服；景色也很美，是五颜六色的；9-11月来南京玩是最好的。
6570	3	https://hskreading.com/how-can-we-get-to-the-park/	How can we get to the park?	怎么去公园？	This is part of a conversation that started in HSK 1 and HSK 2.	小明：你知道怎么去公园吗？小红：从学校的东南门出来，往东边一直走。小明：对，我们也可以坐公交车去，公交车站在西北门口。小红：要坐多久？小明：很快，坐车3个站，十五分钟就到了。走路要半个小时。小红：那我们明天九点在公交车站见。
6541	3	https://hskreading.com/renting-a-house/	Renting a house	租房子	Renting is very common in China as house prices are very high, whereas rent is reasonable.	小明：我想租房子。小红：你看好房子了吗？小明：看好了，在学校北门附近。房子有一间卧室、一间客厅和一个厨房，挺好的。小红：那你为什么不租？小明：因为租金有点儿贵，1000块一个月。小红：那是有点儿贵了，我们可以再看看。
6423	3	https://hskreading.com/how-to-pay-in-china/	How to pay in China	在中国怎么给钱？	This Chinese dialogue focuses upon the idea of “going cashless”.	小明：在中国，给钱很少用现金了。小红：那去中国怎么买东西？小明：用一个手机软件，叫支付宝，从网上给钱。小红：很多人用这个软件吗？小明：是的！无论你是去商店还是菜市场，差不多所有地方都可以用支付宝给钱。小红：那真是太方便了！出门只用带手机就可以了。
6404	3	https://hskreading.com/i-work-in-a-restaurant/	I work in a restaurant	我在餐厅打工	This Chinese article has lots of important vocabulary.	放学以后，我会去餐厅打工，当一名服务员。在餐厅打工的时候，我需要做的事情有端盘子、给客人倒啤酒和在下班以后打扫卫生。除了会有钱，我还可以在餐厅吃晚餐。经理觉得我工作得很好，决定给我加工资，每个星期给我一百五十块。
6383	3	https://hskreading.com/food-in-northern-china/	Food in Northern China	中国南北方的食物	China is a big country so it naturally has large variance in food available.	因为中国很大，天气不同，所以生活在中国不同地方的人吃的食物也非常的不一样。在中国北方，以面条和馒头为主，因为中国北方种的粮食是小麦；在中国南方，以米饭为主，因为中国南方种的粮食是水稻。
6369	3	https://hskreading.com/my-birthday/	My birthday	我的生日	This Chinese passage is talking about a birthday (生日).	今天是我的生日，早上，妈妈给我煮了一碗面条，因为在中国北方，生日的时候吃的面条，有身体健康的意思。晚上，我和家人，朋友一起吃了蛋糕。回家以后，爸爸妈妈还送了生日礼物给我，是蓝色的手表，我好开心！
6327	3	https://hskreading.com/how-to-study-chinese-well/	How to study Chinese well	怎么学好汉语？	This intermediate dialogue talks about how to improve your Mandarin!	小明：小红，你的汉语真好，你能告诉我怎么学好汉语吗？小红：第一，最重要的是你要勇敢开口说汉语！小明：还有吗？小红：上课的时候要认真听课。小明：遇到不懂的单词怎么办？小红：你可以查词典，然后写下来，有空的时候多看几次。
6034	3	https://hskreading.com/blind-men-and-an-elephant/	The Blind Men and an Elephant	盲人摸象	盲means “blind”. This intermediate Mandarin short story is about three blind men.	三个盲人想知道大象长什么样子，就摸一头大象。第一个盲人摸到象腿，他说大象像一根大棍子；第二个摸到象尾巴，他说大象像一条绳子；第三个摸到象牙，他说大象像一个大萝卜。这个成语告诉我们，看到的是事情的一部分，不是全部。
5985	3	https://hskreading.com/a-day-with-girlfriend/	A day with my girlfriend	我和女朋友的一天	This Mandarin reading is about spending the day with your girlfriend (女朋友).	今天早上，我去机场接我的女朋友，但是她的航班晚点了，我等了她两个小时。中午的时候，她感冒了，不舒服，所以我们去超市买新鲜的菜，回家自己煮饭。晚上，她感觉好点儿了，我们就一起打游戏和听音乐。我们的一天太快乐了！
5939	3	https://hskreading.com/my-friend/	My friend	我的好朋友	Friends (朋友) are important. Learn how to describe your friends in this intermediate Chinese dialogue.	我的好朋友是一个女孩。她个子不高，长得很可爱。她不但聪明，而且认真，她喜欢去图书馆学习，所以每次考试成绩都很好。她很热情，总是关心别人，如果别人有困难，她一定会帮助别人解决问题。她有很多爱好，比如踢足球、爬山。
5849	3	https://hskreading.com/finishing-touch/	A finishing touch	画龙点睛	Learn the story behind the idiom画龙点睛. Using idioms wisely can vastly improve your Chinese.	中国古代有一个画家，他的龙画得非常好。有一天，他在墙上画了四条龙。人们看见龙，觉得很美丽，但是没有眼睛。画家说：“画上眼睛，龙就会飞走。”大家不相信，他就给龙画上了眼睛，龙真的飞走了。这个成语的意思是，写文章时在重要的地方加上一些话，会让文章更好。
5786	3	https://hskreading.com/seasons/	Seasons	季节	This intermediate Mandarin article is about seasons (季节).	一年有四个季节，春天、夏天、秋天和冬天。我最喜欢的季节是夏天和冬天。因为夏天很热，我们可以在大海里游泳，还可以和朋友们一起去旅游。虽然冬天很冷，但是会下雪。我们可以堆雪人和滑雪，真好玩啊！
5696	3	https://hskreading.com/my-aunt/	My Aunt	我的阿姨	Learn how to describe someone in today’s Mandarin lesson.	我的阿姨是一名中文老师，在英国工作。她很可爱，长着大眼睛，高鼻子，小嘴巴和长头发。她有很多爱好，比如画画、听音乐、做运动。为了锻炼身体，每个早上她都会在公园里跑步。我很爱我的阿姨，周末我们经常一起出去玩。
5221	3	https://hskreading.com/three-clever-animals/	Three clever animals	三只聪敏的的动物	This is a slightly strange article describing 3 animals in a picture.	今天我看到一副很有趣的图片，图片当中有三只动物在运木头。一只猴子，一只灰熊和一头猪。猴子把木头放在水里让木头乘着水流流动，手里牵着拴到木头的绳子。强壮的灰熊把木头高高地举起来。小猪用腿踢着木头向前挪动。你觉得哪一个动物的方式更加聪明呢？
5082	4	https://hskreading.com/winter-holiday-is-here/	Winter holiday is here!	寒假到了	Students have a month off school for Spring Festival. This time can also be know as a Winter Holiday (寒假).	学生们期盼已久的寒假终于来到了。结束了紧张的期末考试，中国学生将会有大约一个月的寒假时间。这段时间，学生们可以自由玩耍，让他们拥有充沛的精力，活跃的思维。当然了，寒假当中老师也会布置一部分作业，需要同学们认真完成。在寒假里，中国学生会度过中国的传统节日——春节。那一天，各地的家人会回到家里与大家团聚。寒假真是一段兴奋的时光!
5048	4	https://hskreading.com/tree-planting-day/	Tree Planting Day	种树节	Also known in English as Arbor Day. People not just in China but all over the world are encouraged to plant trees!	每年的3月12日是植树节。这一天小区的工作人员号召我们在小区里植树。早晨，我很兴奋的起床，早早的来到小区的花园里。爸爸帮我扶着一棵小树苗，我用尽全身的力气把土盖在树苗的根上，然后妈妈在旁边帮我浇水。之后我在这棵小树苗上拴上了一条绳子，用来标记这是我种的树。希望有一天这颗小树苗能够长成参天大树，希望我们的环境能够变得越来越好！今天真是开心的一天。
5035	4	https://hskreading.com/i-want-to-buy-some-dumpling-flour/	I want to buy some dumpling flour	我想买饺子面粉	This is a tricky dialogue between a shop assistant and customer.	顾客：您好，我想买一袋饺子面粉，怎么找不到呢？导购员：您好，饺子粉在米面粮油区，应该在货架的底部，您看看能找到吗？顾客：没有呢，指示牌上写着有，但是始终没有找到。导购员：好的，我陪您过去看看。两分钟以后。。。导购员：真不好意思，可能是马上过春节了，饺子粉已经销售完了。我们马上安排更多的饺子粉。顾客：好的，谢谢。那什么时候可以有呢？导购员：估计要一个小时吧。顾客：好，那我先去买别的东西，一会再过来看看。
5001	3	https://hskreading.com/what-do-you-do-after-work/	What do you do after work?	下班之后你会做什么？	An intermediate reading article discussing how to spend time after work.	晚上下班之后你们会做什么事情呢？劳累了一天，结束了自己的工作，大家会回到自己的小家里，享受暂时的安逸。每天我的爷爷奶奶会坐在沙发上看电视节目。爸爸和妈妈会把在单位没有完成的工作完成，学习提升自己的能力。在这之后，爸爸会看报纸和新闻。而妈妈会看一段时间的视频或者是电视剧。我会完成自己的家庭作业，如果还有时间的话，我会弹钢琴或者是画画，希望将来自己能够成为一名钢琴家或者是画家!我还知道有些叔叔阿姨会利用晚上的时间去健身房锻炼身体，或者学英语，希望大家都能够珍惜时间，成为更好的自己。
4997	4	https://hskreading.com/criticism-at-work/	Criticism at work	来我办公室	Read below to find out how to deliver criticism (批评) to an underperforming worker.	老板:小王，你来我办公室一趟。小王:您好，老板。老板:最近，你所在的项目组完成工作进度太慢了，不能按照计划完成任务，已经导致其他项目组工作的滞后。小王:老板，情况的确如您所说的那样。但是进度慢的原因是项目在开展过程中，人手不足。咱们公司裁员了不少。老板:这个问题的确存在。但是还是希望你们能够提高工作效率，不要拖公司后退。
4971	3	https://hskreading.com/a-game-called-whisper/	A game called “Whisper”	悄悄话	Today’s intermediate reading article is describing a game called “Whisper”.	今天我和朋友们玩了一个有趣的游戏，叫做悄悄话。一个朋友站在队伍前面监督。第二个朋友会把一句话悄悄地传给下一位朋友，只能嘴动，不能出声音。然后听到的朋友再传给别人。直到最后一个朋友，大声告诉大家，他听到了什么。我们特别喜欢这个游戏，因为最初传递的话，到最后都变成了别的意思。真是有趣。
4917	3	https://hskreading.com/i-am-thinking-about-something/	I am thinking about something	我在思考一个问题	This intermediate Chinese article introduces思考as a way to say “contemplating” or “thinking”.	小明：小红，你在做什么？小红：我在思考一个问题。小明：什么问题呢？我想听听。小红：为什么有些蔬菜和水果，只吃一部分而不吃另外一部分呢？比如，瓜子，只能吃瓜子仁，不能吃瓜子壳？萝卜，要吃它的根而不是叶子？小明：这可真是申奥啊!我也不太清楚。不过，我们可以一起去图书馆查资料，怎么样？小红：好!
4755	3	https://hskreading.com/i-have-to-go-on-my-own/	I have to go on my own	我得自己走路	This short intermediate story tells of a girl who must travel alone to her grandfather’s house.	今天晚上妈妈对我说：“我要上班了，你得自己去爷爷家吃饭。”我正想对妈妈说我从来没有独自去过爷爷家。可是，我的话还没说出口，妈妈就跑的无影无踪了。所以，我只能硬着头皮，穿过黑黑的街道，走到爷爷家。我很害怕，所以走的特别快，见到邻居也没有打招呼。直到看到爷爷，我才放松下来。
4726	3	https://hskreading.com/cant-be-loud-in-the-library/	You can’t be loud in the library	在图书馆里不可以大声说话	This intermediate dialogue involves a mother admonishing her child for being loud in a library.	妈妈：小红，你过来。妈妈要和你谈谈。小红：妈妈，怎么了？妈妈：我们去图书馆是去做什么的？图书馆有什么要求？小红：我们是去那里看书的。图书馆里不可以吃东西不可以大声….妈妈：不可以大声什么？小红：不可以大声说话。妈妈：那你大声说话了吗？小红：大声说话了。对不起妈妈。妈妈：你认识到自己做的不对，很好。下次去图书馆的时候，一定要注意，不能影响其他人。
4550	3	https://hskreading.com/capital-cities-i-have-visited/	Capital cities I have visited	我去过的首都	In this Chinese article, learn how to use去过to say that you have been somewhere.	伦敦是英国的首都。北京是中国的首都。巴黎是法国的首都。罗马是意大利的首都。我去过伦敦，也去过北京和巴黎。我没有去过罗马。
4421	3	https://hskreading.com/my-boyfriends-annoying-habit/	My boyfriend’s annoying habit!	我的男朋友喜欢玩电脑游戏	Learn how to complain about your significant other’s annoying habits by reading this intermediate Chinese article.	我的男朋友姓刘，他很高，长得也很帅。我们在一起的日子，每天都特别开心。我很爱他。但是，有一点，我特别讨厌他。那就是玩游戏。他每天晚上下班以后，都会花好几个小时的时间来玩游戏，坐在椅子上一动不动，盯着电脑屏幕。我和他说话的时候，他也是爱搭不理。而且，他会花很多钱，用来买游戏的装备等等。我十分讨厌这一点。
4385	3	https://hskreading.com/mr-lis-big-mistake/	Mr Li’s big mistake	李先生的大错误	A short Chinese story featuring a Mr Li.	有一天，李先生夫妇开车去商场购物。他们把车停在一个商店外边。然后，他们就去商场购物了。他们买了许多东西，想着把物品放在车的后备箱里。但是，李先生就是打不开车门了，无奈一下，他们只能求助警察。警察正在耐心地帮助他们的时候，只听一个男人气愤地大喊到：”你们为什么动我的车？”李先生看了一眼车牌号，呆住了，原来，那不是他们的车。
4371	3	https://hskreading.com/seeing-a-football-match/	Seeing a football match	去看足球比赛	粉丝is a phonetical translation of “fan”. A足球粉丝would be a “football fan”.	王斌是一个足球粉丝。有一场美国队和中国队之间的比赛。他很想去看。他来到售票处，给了售票员十元钱。售票员说：”您需要在付十元钱，票价是二十元。”王斌反问到：”为什么？我只是想看中国队，我对其他队没有任何兴趣。难道你还想让我给对方买票吗？不可能!”
4361	3	https://hskreading.com/xiao-mings-day/	Xiao Ming’s day	小明的日子	A Chinese passage about Xiao Ming’s day complete with Pinyin and translations.	小明六点起床，六点半之前洗漱，六点半吃早饭。七点钟的时候，他会准时离开家，小明经常骑车子去上学，大约二十分钟以后他会到达学校，从周一到周五，每天早晨他有四节课。他特别擅长学习英语。他长大以后，想要当一名英语老师，所以高中的时候，他会去英国留学。
4351	4	https://hskreading.com/time-flies-things-i-did-in-2018/	Time flies! Things I did in 2018	光阴似箭	A look back at 2018. This Chinese passage shows how fast things can change in life.	时间过的真快啊，转眼2018年就要过去了。在这一年里，我实现了从学校毕业到参加工作的转变。在学校的时候可以见到很多亲切的老师和一起玩的同学。工作以后，遇见的是严厉的领导和忙碌的同事。我上大学的时候，住在宿舍，虽然有点拥挤，但是很温馨。现在住在自己租的房子里，很简单很贵。可是，人都要不断向前的，希望2019年，大家可以一起加油!
4218	4	https://hskreading.com/artifical-intelligence/	Artifical Intelligence!	人工智能	A Mandarin Chinese passage about artificial intelligence (人工智能).	人工智能是当代社会最有益的助手之一。可能你对这个名词还不是很理解，或者觉得这个名词高大上。我给你举个最简单的例子，你可以随时对着自己的智能水壶说，为我煮咖啡。它就会开始为你准备咖啡了。科技真是为人们的生活带来了很大帮助。
4132	3	https://hskreading.com/favorite-sports/	Favorite sports	最喜欢的运动	A Chinese dialogue talking about favourite sports and athletes.	小明：小强，你最喜欢的运动是什么？小强：我最喜欢的运动是乒乓球。我想每一个中国人都喜欢乒乓球。小明：是啊，咱们国家的乒乓球实在是太厉害了，有很多世界冠军，很多金牌。小强：我最喜欢的运动员是张继科，他的动作实在是太标准，太专业了。小明：我最喜欢的运动员是张继科的教练刘国良，他打球太帅了。小强：是啊，那咱们下午一起去打乒乓球吗？小明：好啊，让咱们一较高下! 
4129	3	https://hskreading.com/my-dog/	My dog	我的狗	A Chinese article about a dog named Wang Wang.	我喜欢动物。我家有一条小狗，它的名字是汪汪，它今年一岁了。它的毛是白色和黑色的。它现在还很小，它的眼睛大大的，鼻子小小的，还有小尾巴。每天我都会为它准备水和食物。汪汪最喜欢吃骨头了。每天晚饭过后，我会带它去散步和它一起玩。当然了，它也很喜欢和我一起玩，它总是陪着我看电视，好像它能看懂一样，那个样子可真有趣。每天早晨去上学的时候，它总是摆着尾巴，在门口看着我。它是我最好的朋友!
4119	4	https://hskreading.com/twins/	Twins	双胞胎	An article about twins (双胞胎) and their personalities.	李明和李强是双胞胎兄弟，他们都十二岁了。他们看起来真像。但他们有不同的爱好。李明喜欢邮票。他收集了许多漂亮的邮票。但是李强不喜欢收集邮票，他喜欢赛车，喜欢发牢骚。他们两个人都喜欢看科学书。星期天，他们通常骑自行车去读书。他们在那里和朋友一起玩。然后一起回家写作业。他们在同一所学校上学，很多老师和学生会把他们两个人弄混。我知道怎么区分他们两个，但是我不会告诉老师们！
4116	3	https://hskreading.com/looking-around-my-home/	Looking around my home	来我家看看		我叫莉莉。这是我的房子。我家有五个房间。楼上靠左边的房间是我父亲和母亲的房间。墙上有三幅画，有一张靠近窗户的书桌。桌子后有四把椅子。在房间的左边，有一个厕所。爸爸妈妈房间的右边是我的房间。墙上有四幅画和两张海报，海报是我最喜欢的明星周杰伦和我想要读书的大学。希望有一天，我可以梦想成真。
4112	3	https://hskreading.com/reporting-a-crime/	Reporting a crime	报警	In China, 110 is the number you should dial for the police.	110：您好，请问有什么事情？报警人：警察您好，我要报警，我的电动自行车被偷了。昨天晚上我就存放在楼下，但是刚才下楼去送孩子的时候，发现车子没有了！110：情况我们了解了，请问您是在哪个小区？车子是什么颜色的？报警人：我住在阳光小区，车子是一辆黑色的电动车，号码是。。。110：好的，我们会派附近民警去你的小区周围调查，稍等。你有在周边自行寻找了吗？或者问下物业管理人员？报警人：我问了，也去找了，但是都没有找到，物业还没有协助调取监控。110：好，我们马上过去。
4109	4	https://hskreading.com/body-language/	Body language	微表情		小王：你觉得刚才我讲的提议怎么样？小刘：还行，你还需要在思考下具体细节。小王：是的，我刚才在会议上注意到你双手托腮。小刘：这个动作怎么了？小王：在我看来，这个微表情表明某人对你所讲的内容并不感兴趣。小刘：你对微表情的研究可真是深刻啊!你还有哪些研究，教我下。小王：还有比如某人双手交叉放在胸前，就证明这个人在自我防卫，不想过多交流。小刘：你懂点可真多啊！
4098	4	https://hskreading.com/how-do-you-relax/	How do you relax?	你怎么放松？	How do you relax? This Mandarin reading article has some good suggestions, and also some poor ones. 	当你觉得累了，你会采用什么方式放松自我呢？有些人选择直接躺在床上休息。也有一些人会选择去容易让人放松的地方愉悦身心，例如酒吧，KTV，度假村等。在酒吧里喝一点酒，让紧张的心情得到缓解。KTV也是人们会去的地方，在这里让自己和朋友沉浸在音乐的海洋当中。不论哪种方式，能够让自己放松就好！
4095	4	https://hskreading.com/doctor-i-dont-feel-well/	Doctor I don’t feel well	我感觉不舒服	This dialogue was written by a Chinese doctor.	病人：大夫您好，我头疼，很难受，而且还想呕吐。大夫：这种状况持续了多久了？病人：从昨天早晨就开始了。大夫：怀疑是肠胃感冒。我开个单子，你去做下脑CT，然后把片子拿回来。病人：好，谢谢大夫。胸CT以后大夫：根据片子，是没多少问题的。不要担心。回家之后按时吃药，注意多休息。病人：好的，谢谢大夫。
4086	4	https://hskreading.com/i-fell-down/	I fell down	我摔倒了	This Mandarin dialogue is very informal.	小陈：小刘，你这脸是怎么了？怎么缠着纱布啊？小刘：陈哥，别提了，最近太倒霉了。周末时候，带着孩子去郊区玩，结果天气太冷，马路上都是冰，走着走着摔倒了。鼻子眼睛都流血了。小陈：这可真是倒霉啊。去医院看了吗？严重吗？小刘：皮外伤，但是冬天不容易好，需要带着纱布敷药。冬天出门可真要小心。小陈：是啊，冬天道路容易结冰，不管是开车的，骑车的，都要注意安全。
4073	3	https://hskreading.com/my-classroom/	My classroom	我的教室	A useful Chinese passage describing a classroom.	你想知道我的教室是什么样子的吗？它很宽敞明亮。教室里有三十个桌子和椅子。墙上有两个黑板，和三幅画。教室的天花板上有四个电扇。电扇是蓝色的。在教室的角落里有两个书架。书架上有各种类型的图书。我非常喜欢读书。我也很喜欢我的教室。
4063	3	https://hskreading.com/what-car-do-you-drive/	What car do you drive?	你开什么车？	Learn how to ask “What car do you drive?” in Mandarin Chinese.	小王：小李，你开的是什么车啊？好帅啊！小李：谢谢小王的夸奖，这是特斯拉电动汽车。我也觉得这款车很好看，主要是环保。小王：最近马路上可以看到很多电动汽车，车牌是绿色的。小李：对，中国制造的电动汽车，车牌是绿色的，标明是电动汽车。这也是一个潮流。小王：空气污染太严重了，电动汽车环保，节省燃料，不用浪费。
3996	4	https://hskreading.com/where-is-the-head-office/	Where is the head office?	总公司在哪里？		彼得：小王，公司经理让我下午去总公司开会。但是，我刚来不久，还不清楚总公司位置在哪里。你能帮我下吗？小王：好，没问题。总公司在黄庄。你可以坐地铁10号线过去，在黄庄站下车。或者打车过去，但是钱会多。彼得：坐地铁过去吗？那怎么买地铁票呢？小王：很简单的。到了地铁站以后，你可以直接去找工作人员，在人工窗口买票。也可以在售票机器处买一张地铁卡。也可以在机器处按照指示选择地铁线路和地点。在中国生活，尤其是在北京，是很方便的。地铁售票机器上都有英文提示的，完全可以看懂。彼得：太好了，我好爱中国！我要慢慢学习中文了。
3958	3	https://hskreading.com/its-so-cold/	It’s so cold	最近好冷啊	Winters in China can be very cold, especially in the northern provinces.	小明：好冷啊，简直要冻僵了。小红：是呢，最近越来越冷了，天气预报说要下雪了。小明：真的吗？下雪估计会更冷，出行也不方便。小红：可是，下雪也挺好的，可以杀死细菌，现在感冒的人也特别多，冬天容易得传染病。小明：我好期待2018年的第一场雪。
3952	3	https://hskreading.com/timely-snow-good-harvest/	A timely snow promises a good harvest	瑞雪兆丰年	瑞雪兆丰年is a Chinese idiom that can translate into “a timely snow promises a good harvest”.	小红：我好兴奋啊！好激动啊!小明：发生什么事情了？让你这么激动。小红：外面下雪了！下雪了！今年的第一场雪。小明：真的吗？我也要去看看。小红：等雪停了，咱们一起去堆雪人，好吗？小明：当然可以了，我要为雪人做一个可爱的鼻子，再准备一顶帽子。小红：太好了。你听说过吗？瑞雪兆丰年，明年一定会大丰收的。
3930	3	https://hskreading.com/buying-train-tickets/	Buying train tickets	买火车票	12306app is a Chinese mobile app for buying train tickets.	彼得：王刚，有个事情需要请教你。王刚：不用客气，你说。彼得：公司需要出差去上海，可是我不知道怎么买火车票。在中国我还没有坐过火车。王刚：没问题。很简单。买火车票你可以直接去火车站，告诉售票员你去哪里，哪个时间段就可以。彼得：是不是还有网上购买的方式？在中国生活，现在这么方便。王刚：是的，你可以下载中国铁路12306app，先注册，然后根据提示购买合适时间地点的就可以了。特别方便。彼得：谢谢，我去试一试。
3919	4	https://hskreading.com/seeing-the-dentist/	Seeing the dentist	请教牙医	A long Chinese dialogue between a dentist (牙医) and patient.	牙医：你好，请问你的牙怎么了？小明：医生您好，我感觉最近牙垢特别多，刷牙也刷不干净。想着问问有什么办法可以改善。牙医：好，你先坐到椅子上，我来检查下。张开嘴。牙医：牙石的确很多，应该是刷牙方式不当导致的.小明：是的。牙医：先做洗牙处理吧，清除牙垢。小明：那会有什么副作用吗？牙医：洗牙不会的，只会起到辅助清洁作用。今后要注意牙齿护理，竖着刷牙，而不是横着。
3908	3	https://hskreading.com/im-lost/	I’m lost!	我迷路了！	China House	百度地图is a downloadable map for mobile phones, similar to Google Maps.游客：您好，我是来天津旅游的英国人。我迷路了。路人：您好，欢迎你来中国。我可以帮助你。但是你得告诉我，你想去哪里？游客：我和朋友约定在天津瓷房子见面，出租车司机把我放在了这里，但是我找不到地方。路人：瓷房子是吗？你应该沿着这条路向北走，走到红绿灯那里就可以看到了。游客：那北是哪里？我已经分不清楚东南西北了。对不起。路人：没关系，就是沿着你左手边的路走。游客；谢谢你了。路人：你在中国旅游时，可以下载百度地图,沿着它的提示走就不会迷路了。游客：谢谢你，我马上下载。再见!路人：再见!
3905	3	https://hskreading.com/buying-shoes/	Buying shoes	买鞋子	A Mandarin dialogue about buying shoes (鞋子).	店员：欢迎光临，有什么可以帮您的吗？顾客：我想先自己看看。店员：好的，如果有需要，请叫我。五分钟以后。。。顾客：您好，请问可以让我看看那双蓝色的阿迪达斯鞋子吗？店员：可以，没问题。顾客：我想试穿一下。店员：没问题。您平时穿多大鞋码？顾客：43的。店员：现在这双是44的，可能太大了，我去后面储藏室给您拿43码的。顾客：谢谢。三分钟以后。。。店员：穿着感觉怎么样？顾客：特别舒服。请问多少钱？店员：469元。今天是本商场周年庆，所有商品打8折，原价是500多的。顾客：那可真是挺合适的。帮我收好吧，我去收银台付钱。店员：好的。
3849	3	https://hskreading.com/can-you-help-me-with-ms-powerpoint/	Can you help me with MS powerpoint?	你能帮我个忙吗？	PPT is the most common way for Chinese people to say powerpoint. It is not frequently referred to with Chinese characters.	小刘：小王，你能帮我个忙吗？小王：什么忙？我看看自己能不能帮到你。小刘：你知道怎么在PPT里插入视频吗？下周的工作汇报，需要用到，可是我不会。小王：让我来看看吧！你先打开PPT，然后可以在这里，就是工具栏，看到有插入按钮。接下来，你点击插入视频或者音频，点击插入就可以。之后，在工具栏左边可以看到，选择是单击鼠标时还是立刻播放视频，根据需要选择就可以了。小刘：小王，你真是太聪明了！小王：哈哈，没有，没有。你要注意，需要把视频和PPT放在同一个文件夹里，否则无法播放。小刘：好的，谢谢你！
3787	4	https://hskreading.com/the-olympics/	The Olympics	奥林匹克运动会	A Chinese reading article about The Olympics (奥林匹克运动会).	奥林匹克运动会是世界体育界的盛会，每四年举办一次。2008年奥运会是在中国北京举办的，2012年奥运会在英国伦敦举办，2016年在巴西里约热内卢举办，2020年奥运会将会在日本东京举办。其实，这里所说的奥运会是夏季奥运会，还有冬季奥运会。每一届奥运会都会有自己的吉祥物，比如，北京奥运会的吉祥物是福娃，十分可爱。奥运会比赛的大项目有28项。参加比赛的选手们精心训练多年，就是为了在奥运比赛中可以取得理想成绩。他们的拼搏精神永远值得人们学习。
3782	3	https://hskreading.com/what-will-you-eat-for-lunch/	What will you eat for lunch?	你中午要吃什么？	An intermediate Chinese dialogue between friends discussing food plans.	小明：丽丽，你今天中午吃什么？丽丽：我不知道，你有什么想法吗？小明：我们去吃汉堡吧？我听说附近商场新开了一个汉堡店。汉堡有牛肉芝士堡，鸡肉堡，还有套餐。而且，我听说，价格也不贵。丽丽：好啊，没问题，那我们去吃汉堡吧。我们可以点一个套餐。小明：可以，套餐里有汉堡，沙拉和饮料。丽丽：我好兴奋！
3757	3	https://hskreading.com/my-nephew-started-kindergarten/	My nephew started kindergarten	我的侄子	A Chinese passage about someone’s young nephew (侄子).	我的侄子今天四周岁了，现在他在上幼儿园。每天他在幼儿园里都过的很开心，因为可以见到他喜爱的老师和朋友们。而且幼儿园里还有很多玩具，比如蹦蹦床，滑梯，秋千。他和小朋友们每天玩儿的都可开心了。最近，我发现他有点不开心了。因为，现在他上中班了，要开始背诵古诗和写字了。他不会写1，不会写2，也不能区分清楚哪个数字是6，哪个数字是9，老师和家人就开始教给他怎么区分，让他安静下来写字。他就很不开心了。
3752	3	https://hskreading.com/how-to-order-takeout/	How to order takeout	怎么点外卖？	Three quick notes about this passage.外卖小哥is a very native way to say “delivery driver” in Chinese. It refers to delivery drivers who generally ride electric bikes and deliver food.	美团外卖and饿了么are both apps that allow you to order food in China.珊珊：小明，我太累了，不想去外面的饭店吃饭了。小明：那你可以点外卖啊！珊珊：外卖是什么？怎么点外卖？小明：外卖就是饭店把你想要吃的饭让外卖小哥送来。你不用出门就可以吃到美味的饭菜了。珊珊：那外卖小哥是什么？小明：外卖小哥，就是送外卖的人。珊珊：那怎么点呢？小明：你可以在手机上下载APP，美团外卖，饿了么都可以，很方便的。然后在列表里找到你想吃的食物，就有人送到门口了。珊珊：那我怎么给钱呢？小明：你需要绑定微信或者有银行卡支付。珊珊：好啊，我一定要试一试，听起来不错了。
3724	3	https://hskreading.com/travelling-with-my-mother/	Travelling with my mother	我和妈妈一起旅游	China has fantastic transport systems. Busses (公交车), trains (火车), and planes (飞机) are all affordable – and rarely late/delayed!	今天我去光合谷玩了!真的好开心!我和妈妈一起坐公交车去的，公交车在高速公路上开的很快。一个小时以后，我们到达了光合谷。我看到了各种各样的绿色植物，还有很多可爱的动物。我买了一盒蔬菜喂兔子。今天真是开心的一天!
3469	4	https://hskreading.com/chinese-customs/	Chinese customs	中国传统习俗	A short passage about some important Chinese customs and traditions.	中国是一个拥有悠久历史的国家，所以在中国文化中有很多习俗。比如，中国人相比较白色，更喜欢红色，因为红色是喜庆的颜色，例如中国人结婚时候穿红色礼服，但是有人去世的时候穿白色衣服。中国人会在重要的节日举行家庭聚餐，比如春节和中秋节。这两个节日的时候，不管家人在哪里工作，都会尽力回到自己的家乡和家人团聚。
3460	3	https://hskreading.com/what-sports-are-you-good-at/	What sports are you good at?	你擅长什么运动？	擅长is a very useful way of saying you are good at something. For example:我擅长唱歌– I am good at running.	小明：彼得，你擅长什么运动？彼得：我比较擅长跑步。我可以跑完马拉松全程。因为跑步不需要其他器材，而且在跑步的过程中我还可以自己思考，或者听喜欢的音乐。这让我感觉很放松！还有啊，在室外跑步的时候，还可以呼吸新鲜的空气！你呢？小明：我擅长打乒乓球。我以前还获得过天津市乒乓球冠军。现在，我每周还都去体育馆打乒乓球。彼得：我感觉你们中国人都会打乒乓球，好厉害！
3451	3	https://hskreading.com/i-want-to-learn-to-dance/	I want to learn to dance	我想学习跳舞，你想和我一起学吗？	This excellent Chinese dialogue sounds very conversational – just like you would hear in China.	莉莉:小明，最近我很想学习跳舞，看其他人跳舞的时候我很想加入。但是跳舞的话，最好有一个舞伴，你愿意和我一起学习吗？小明：我感觉自己没有跳舞的天分，没有韵律，跳的特别难看。莉莉:就是因为跳的不好，所以才要学习啊。如果你也想要学习跳舞，我们两个可以一起找一位老师，跟着她一起学，然后一起练习，相信我们一定可以跳的特别好！小明：真的吗？我感觉自己不敢跳。莉莉:没有关系的，我们可以一起学习，相互监督。而且跳舞还可以放松精神，减肥，多好啊！小明：你说的很对，那我们就一起学习跳舞吧，希望我们可以快点学会一支舞。
3448	3	https://hskreading.com/going-grocery-shopping/	Going grocery shopping	去杂货店买东西	A Chinese passage about going to a convenience store.	我很喜欢逛杂货店，因为在那里可以找到很多自己想要买的物品，而且还不贵。我家楼下就有一个杂货店，在那里我可以买到厨房用品，清洁用品等等，特别方便！有时候，还可以看到之前自己没有用过的物品，比如，有一次我去逛杂货店，发现了一种新的拖布，特别小，不占空间，而且很容易弄干，简直太棒了！
3444	3	https://hskreading.com/doing-household-chores/	Doing household chores	做家务	A Chinese dialogue discussing household chores (家务).	王女士：李姐，你喜欢做家务吗？李女士：不喜欢，我特别讨厌做家务，尤其是刷碗，你呢？王女士：我也不喜欢做家务，尤其不喜欢洗衣服。可是家里有很多的衣服需要洗。每天都好累！李女士：你可以放在洗衣机里，然后就不管它了。王女士：是呢，但是担心洗衣机洗的不干净。孩子还有很多的玩具，需要收拾。李女士：我觉得你应该教育孩子，自己的事情自己做，玩儿完玩具以后，要自己放到原来的储物篮里。王女士：你说的太对了，我下次一定这样做！
3439	3	https://hskreading.com/lets-travel-to-england/	Let’s travel to England!	让我们去英国旅游吧！	England is a great place! Learn more about it in today’s Chinese article.	暑假就要到了，你打算去哪里旅游呢？我推荐大家去英国。因为在英国你可以见到宏伟的欧洲风格建筑，还能看到传说中的伦敦大桥和白金汉宫。说不定还可以碰到女王呢！在英国，有很多著名大学，走在校园里可以感受到浓浓的学习氛围。并且，英国的天气不冷不热，很舒服！
3421	3	https://hskreading.com/typhoons/	Typhoons!	今天天气不好	A short passage regarding a Typhoon over Guangzhou in Southern China.	今天的天气特别不好。台风袭击了整个广州地区，外面一直在下大雨，街上没有任何一个行人。大风呼呼地刮着，把大树吹倒了，把物品吹的到处都是。而且，我感觉特别冷。希望台风早点过去，这样我就可以出去玩了！
3417	3	https://hskreading.com/i-like-to-watch-movies/	I like to watch movies.	我喜欢看电影	Do you like to watch movies (看电影)?	我喜欢看电影。因为从电影当中，我会看到很多故事，教会我成长。坐在电影院的时候，我感觉到十分安静，全身心沉浸在电影故事当中。每一次电影，都是导演和演员认真准备的成果，我感谢电影，带给我很多故事。
3408	3	https://hskreading.com/pets/	Pets	宠物	Another short reading passage about pets (宠物).	现在越来越多的家庭会养小宠物了，比如，小猫，小狗。它们成为了一位家庭成员，给家里人带来了欢乐。还能够陪伴家里的小孩子一起长大。小宠物们每天在家里悠闲地走着，吃饭睡觉，它们好像能够听懂人类说话一样，特别的聪明！
3405	4	https://hskreading.com/when-you-are-unhappy/	When you are unhappy…	不开心的时候	Some advice on what to do if you find yourself feeling unhappy.	每个人的生活中都会遇到各种不开心的事情， 那么怎么才能够让自己慢慢地从不开心中跳脱出来，变得开心呢？你可以找到自己的好朋友倾诉，或者出去旅游，去吃一些美食。或者有时候，你只是需要一些独自相处的时间，让自己冷静下来。不管哪种方式，只要开心就好！
3402	4	https://hskreading.com/shakespeare/	Shakespeare	莎士比亚	This short Chinese passage is about a famous line regarding Hamlet.	莎士比亚有一部著名的作品，叫做《哈姆雷特》。有一句和这部著作相关的话是，一千个读者，就有一千个哈姆雷特。意思是说，每个人在阅读完这部著作之后，会有各种不同的感受。的确就是这样，在一件事情发生之后，每个人都会有各种不同的看法。
3395	4	https://hskreading.com/good-friends-and-bad-friends/	Good friends and bad friends	好朋友和坏朋友	A Chinese reading article about good and bad friends.	我觉得好朋友是能够和你分享开心和不开心的人。尤其是当你有困难的时候，他们能够伸出双手帮助你，让你感到安慰。坏朋友只会在你能够享受生活的时候出现。他们会让你的生活出现很多阴霾和不开心的事情。所以，在生活当中要谨慎的选择自己的朋友。
3386	4	https://hskreading.com/how-to-book-a-hotel/	How to book a hotel	预定酒店	This article is about booking a hotel and the various methods you can use to do so.	现在是科技时代，很多工作和生活难题都可以通过网络得到解决了。如果你想为了出行定酒店的话，以下方案可以帮助到你。被广泛使用的定酒店网站有携程，途牛等等。首先，输入你想要旅行的城市名字。如果想要更为详细的话，你可以选择想要游玩的具体位置，这样就可以查看到附近都有哪些酒店。进入酒店页面之后，可以选择自己想要的房间类型，比如单人床，双人床或者家庭房等。之后，你只需要在网上通过网银，支付宝或者微信就可以付款了。付款之后，房间就预定好了。这实在是太方便了！
3379	4	https://hskreading.com/learning-to-drive/	Learning to drive	学开车	Learning to drive in China is quite different from England. Read this passage to hear a bit about the process of learning to drive, and the benefits of it!	现在几乎每个家庭都有汽车了，因为这样可以方便家人出行还能节省时间。所以，学开车就成了一项必须经历的事情了。在中国，学开车首先要考科目一，主要是回答一些交通规则的知识，通过电脑回答问题。然后就是要进行实地的开车练习。比如倒车入库，打方向盘等等。有很多人都会在这个阶段出问题，因为刚开车的时候总是会紧张的忘记一些需要注意的地方。学开车，还是特别重要的一项生活技能的。这样你就可以安排自己的时间想去哪里就去哪里。但是，开车一定要注意安全。
3375	4	https://hskreading.com/wechat-stickers/	WeChat Stickers	微信表情	WeChat is a popular messaging app in China. It allows you to send stickers to people: they are gifs that are used to convey emotions and feelings.	我特别喜欢微信的聊天表情，因为它们形象生动地表达了自己想要表达的内容。而且让对话充满了趣味。有些内容比较抽象，或者想要隐晦的表达出来，表情包就变得十分有用了。我最喜欢的是动画系列的，比如小动物：可爱的小猫，小狗。微信表情包借助这些动物的眼神动作，就把我要说的话用好玩的方式说出来了！
3372	4	https://hskreading.com/autumn-is-here/	Autumn is here	秋天来了	A descriptive Chinese article about Autumn.	秋天来了。炎热的夏天过去了，早晨出门的时候可以感受到一丝丝的凉风吹过脸庞。马路旁的大树，它们的叶子已经开始慢慢变黄，大风吹过的时候，会有树叶掉落在地上。人们也开始穿上了外套，抵挡秋风。秋天是收获的季节，各种各样的水果都在秋天里成熟，由绿色变成红色，特别鲜艳！
3350	4	https://hskreading.com/changes-in-tianjin/	What has changed in Tianjin?	问题	There are the best two answers given by a class of students in the city of Tianjin (天津) when asked “What was different in Tianjin when your mother was a child?”.	Answer 1:听妈妈讲，在她们小时候，主要交通工具是自行车或者公共汽车，摩托车。又过了几年开始有了出租车，那时候的出租车都是黄色的，车牌是大发，人们都叫它“黄大发”如今到了我们这个年代，自行车，摩托车等交通工具正被新的变化所取代，私家车几乎家家都有，出门旅游做飞机快的一两个小时就到了。Answer 2:这几年的天津发生了巨大的变化，就说海河吧！以前的海河是这个样子：从远处一看，水很浑浊，河面上到处漂浮着垃圾，并散发着一股臭臭的味道。但现在的海河就不一样了，河水清澈见底，水面上的垃圾都没有了！太阳一照，河面便显得波光粼粼。 1 –根据短文内容可以推断，这段话主要围绕什么话题展开？a.妈妈小时候的故事b.时代的变化c.以前的出租车为什么被叫做“黄大发”d.私家车发展迅速
3336	4	https://hskreading.com/how-to-make-tomato-and-eggs/	How to make Tomato and Eggs	家常菜西红柿炒鸡蛋的做法	Tomato and eggs is a very common dish across China – it’s tasty too!	中国人的餐桌上有一道家常菜，叫做西红柿炒鸡蛋。之所以称呼它为家常菜，是因为它经常出现在人们的餐桌上，并且简单易做，十分美味。那如何做这样一道菜呢？首先，需要准备好材料，西红柿两个，鸡蛋两个，白砂糖（若干，依据自己口味添加），食盐，食用油。西红柿切成小块，备用。将鸡蛋打散放入碗中。锅中倒入适量食用油，待油热之后，将打散的鸡蛋倒入热锅之中，炒至金黄。然后把炒好的鸡蛋盛出备用。另起锅放少许油，油热之后放入切好的小块西红柿翻炒，加适量食用盐，炒至出汤汁。然后放入备用的鸡蛋，根据口味加入适量白砂糖。一起翻炒西红柿和鸡蛋，之后就可以出锅。一道中国家常菜西红柿炒鸡蛋就做好了！
3311	4	https://hskreading.com/why-should-people-learn-chinese/	Why should people learn Chinese?	为什么人们需要学习汉语？	Why am I doing this to myself? A question all Chinese learners ask themselves at some point.	最近，英国政府拨款1000万英镑来支持英国学校开展中文教学，政府的目标是到2020年，至少有5000名年英国年轻人能说流利的中文。英国是积极学习汉语的国家之一。那么，为什么会有越来越多的人学习汉语呢？以下几个方面或许能够解释：第一，中国经济发展迅速。世界各国融合在一起，其他的国家需要与中国做生意，自然需要使用汉语。第二，中国文化，中国的功夫，熊猫，食物等文化内容对其他国家的人们很有吸引力。第三，中国政府支持世界各国学习汉语，他们开办有孔子学院，来提供教师和其他帮助。
3305	3	https://hskreading.com/making-an-appointment-to-see-a-doctor/	Making an appointment to see a doctor	预约看医生	A Mandarin dialogue about making a doctor’s appointment.	护士：您好，这里是北京协和医院。请问，有什么可以帮您？小薇：您好，我姓张，这几天感觉肠胃不舒服，可能是减肥过度导致的。护士：您好，张小姐。过度减肥的确会导致肠胃不适等症状。您先不要着急，我帮您预约下时间。请问您什么时间方便过来？小薇：周六上午10点可以吗？护士：稍等，我来看下病人预约记录。感谢您的等待，周六上午十点可以的，李医生，张主任和王医生都会坐诊。小薇：嗯，那我就预约张主任吧，上次也是他帮我检查的身体。护士：好的，张小姐，我会帮您预留好时间。
3302	4	https://hskreading.com/healthy-and-unhealthy-foods/	Healthy and unhealthy foods	健康食物和不健康食物	A Chinese reading passage talking about healthy and unhealthy foods.	健康对任何人来说都是很重要的，尤其是孩子和老年人。因此，在选择食物的时候，人们会区分什么样的食物是健康的，什么样的食物是不健康的。在一般人看来，水果和新鲜的蔬菜对身体是有帮助的。但是在快餐店里卖的食物，比如，汉堡，薯条，大家认为是不健康的。所以要少吃。可是，在现代人的生活中，不健康的食物又随处可见，能够比较方便的购买到。尤其是上班族，他们没有时间自己做饭，只能去快餐店里购买食物。
3281	3	https://hskreading.com/can-you-recommend-a-place-for-me-to-travel-to/	Can you recommend a place for me to travel to?	你能推荐给我一个旅游的地方吗？	To recommend (推荐) is a very useful verb to know. You will hear it a lot while travelling in China, as people will always recommend places to visit, and food to eat.	赵磊：杰克, 中国的国庆节假期就要到了，好兴奋啊，可以出去玩了！杰克：是的，我也好兴奋，公司放假！可是，我不知道该去哪个地方旅游。你能推荐给我一个地方吗？赵磊：嗯，让我想想！我觉得你可以去北京的香山。杰克：香山？这个名字可真好听！是因为那座山很香吗？赵磊：哈哈哈，不是，那就是它的名字。秋天的香山，风景特别美，有各种颜色的树叶，植物。杰克：听起来很有意思，我想去看看。赵磊：而且北京离着我们这里也不远，直接做高铁过去就可以，很方便。杰克：真好，那我就去香山，谢谢你，赵磊。赵磊：不客气，祝你玩的开心！
3243	3	https://hskreading.com/do-you-think-i-am-fat/	Do you think I am fat?	你觉得我胖吗？	This Chinese dialogue is an informal conversation between friends.	小薇：李明，我上个月新买的裙子又穿不下去了！李明：是吗？那你可要稍微控制下体重了。小薇：你觉得我胖吗？李明：我觉得你是要比之前胖一些了。你每天都吃好多东西。小薇：真的吗？那你为什么不阻止我？李明：我劝你了，可是你说自己饿啊！小薇：好吧，那我要少吃点，多运动，减肥！李明：加油，你可以的。身体健康才是最重要的！
4122	5	https://hskreading.com/christmas-in-china/	Christmas in China	中国式的圣诞节	An advanced Mandarin reading article about celebrating Christmas in China. 	圣诞节是西方的传统节日，在每年12月25日。弥撒是教会的一种礼拜仪式。圣诞节是一个宗教节，因为把它当作耶稣的诞辰来庆祝。对于西方圣诞节的盛况你自然是耳熟能详了，那今天我就来介绍下圣诞节在中国吧！随着越来越多的西方人在中国工作生活，圣诞节也在中国年轻人当中流行起来。有人认为，这是西方文化对中国传统文化的入侵，因为反观来看，中国的传统节日，例如端午节，春节，越来越受到冷漠对待。中国式的圣诞节，主要形式是广场喧嚣、情人约会、逛街购物和赠礼问候，简单来说，就是“玩”。在这一天，商场会打折，吸引人们的购物。年轻人在这一天约会，到圣诞氛围浓厚的西餐厅享受美食。也有很多人在大街小巷卖苹果，在平安夜祈祷祝福。当然，中国也有一些教堂，在这一天，西方人会聚集到此作弥撒。 1 –诞辰是什么意思？a.出生的时间b.死亡的时间c.出名的时间d.仪式的时间2 –中国人过圣诞节的活动不包括？a.购物b.送礼物c.约会d.吃饺子
4105	5	https://hskreading.com/about-the-jingdong-ceo/	About the Jingdong CEO	京东CEO刘强东事件最新进展	Jingdong or JD is a massive online retailer in China. The CEO of Jingdong is called刘强东.	近日，美国明尼阿波利斯市亨内平县检察官办公室公布对京东CEO刘强东事件的调查结果，决定对刘强东不予起诉，这意味着该案正式结案，刘强东无罪。事件起因是在美国一个饭局过后，刘强东与女受害人在她的公寓发生性关系，随后，女方向警方报警，称遭到强奸，随后事件在中国社交媒体上发酵。但近日，美国律师放出消息，美警方已经宣布刘强东无罪。刘强东在中国社交媒体上也做出道歉，称在女受害者房间所发生的事情都是男女自愿行为，虽不构成犯罪，但也对家庭造成了莫大的伤害，将会尽全力对家庭妻子孩子做出弥补。1 –刘强东是否犯罪？a.无罪b.有罪c.不确定2 –以下关于刘强东事件的说法正确的是？a.刘强东强奸了女大学生b.刘强东构成犯罪c.刘强东的行为伤害了家庭d.刘强东会与妻子离婚
4077	5	https://hskreading.com/domestic-violence/	Domestic violence	家庭暴力	Advanced articles often discuss difficult topics: today’s topic is domestic violence（家庭暴力).	近日，中国一名影视明星在日本被逮捕入狱，原因是暴力殴打自己的女朋友。他在日本留学期间认识了这名日本女性并展开交往。随后减少在中国的工作量，并有息影打算。多部电视剧和电影的新闻发布会，他都没有出席。相反，他高调地带日本女友回国游玩，在机场秀恩爱。新闻爆出之后，有许多影视圈明星为他请求社会各界的原谅，但事态发展并不如意。在日常生活中，不论出于何种原因，家庭暴力都是不可原谅的。  1 –该中国明星为什么被逮捕？a.涉嫌偷税漏税b.行为过于高调c.暴力殴打女朋友d.拒绝参加作品的发布会2 –这起事件进展的怎么样？a.女方原谅了男方b.人们并没有原谅男方c.明星朋友们拒绝为他求情d.影视公司起诉该男星
4066	5	https://hskreading.com/splitting-the-bill/	Splitting the bill	AA制	“AA制” means to split the bill equally. It is very commonly heard across China.	在恋爱关系中，你是愿意AA制还是希望对方能够多付出一些呢？这是摆在每一对情侣面前的问题，尤其是女生。在恋爱关系中，女生大多希望男方能够更爱自己，所以在金钱上也希望男方能够多表示一些，比如，送自己礼物，在外出吃饭时候能够主动结账等。但是，我们也要公平地看待这个问题，每一个人的收入都是靠自己辛勤付出获得的。如果一段关系中，男女双方能够相互尊重，有长远相处的打算，那付出就必定要是对等的。女方不可以只索取，而不付出。男方更不可以只付出，不求回报。长此以往，这样的关系是不会有好结果的。我始终认为，稳定的关系是靠双方共同付出才能维持的，一段刻骨铭心的关系是会让两个人都能够成长的。 1 –在恋爱关系中，应该怎样处理金钱？a.全部男方支付b.全部女方支付c.男女平等支付d.父母支付2 –怎样才是一段刻骨铭心的感情？a.男方买单b.女方买单c.共同成长d.不求回报
4059	6	https://hskreading.com/the-forbidden-city/	The Forbidden City	故宫	This advanced reading article is about The Forbidden City (故宫) in Beijing.	北京故宫是中国明清两代的皇家宫殿，旧称为紫禁城，是中国古代宫廷建筑的精华。北京故宫以三大殿为中心，占地面积72万平方米，建筑面积约15万平方米，有大小宫殿七十多座，房屋九千余间。是世界上现存规模最大、保存最为完整的木质结构古建筑之一。故宫博物院是一座特殊的博物馆，成立于1925年，建立在紫禁城的基础上。近几年，在人们头脑中陈旧甚至略微显得古板的故宫开始活跃起来。一部《我在故宫修文物》让普通人了解到故宫背后的工匠精神，《国家宝藏》恢弘的气势与现代科技结合，让人们见识到大国风范。故宫文创，依托悠久的故宫历史，发掘新的产品形态，将古老与现代结合，将历史与商业叠加。故宫口红，故宫项链，故宫台历等等，被人们广为使用。 1 –根据短文，表示大致数量关系的词不包括什么？a.部b.余c.多d.约。2 –下列关于故宫的说法正确的是？a.故宫是唐朝的皇家宫殿b.北京故宫不是一座博物馆c.故宫文创物品受到人们的喜爱和使用d. <国家宝藏>是一部将中国历史和西方历史结合起来的纪录片
4018	5	https://hskreading.com/civilized-society/	What is a civilized society?	什么是文明的社会？	This advanced reading article is discussing: “What makes a civilized (文明) society (社会). 	如今的社会，已经比几百年前，平等很多了，在人权方面，在性别方面，在地位权利方面。但是，不可否认的是歧视依旧存在。例如，当你提到某些工作类型时，会不自觉的认为这样的工作是不靠谱的。当你听说，一位女性的工作是视频主播时，会认为不稳定，昙花一现。当你听说，某位女性是老师时，就认为一定是稳重沉闷的。当你听说某位男性在夜店工作时，就会认为他身边有很多女性朋友，夜不归宿。虽然社会在进步，但是各种有色眼镜潜藏在社会的各个角落，或隐蔽或明显。只有当一个社会走向平等时，我想才是真正文明的社会。 1 –现代社会比之前平等了很多，不包含以下哪个方面？a.性别b.权力c.人权d.权利2 –有色眼镜在文中是什么意思？a.有颜色的眼镜，比如太阳镜b.不同颜色的眼睛，比如西方人东方人c.带有偏见的眼光看待周边人d.平等社会的体现
4015	6	https://hskreading.com/chinese-woman-detained-in-canada/	Chinese woman detained in Canada	问题	The content of this news report is not intended to put forward our political views. It is just for reading practice. 	华为遵守业务所在国的所有适用法律法规,包括联合国，美国和欧盟适用的出口管制和制裁法律法规。事件发生在中美达成“不升级贸易对抗共识”后三天，加拿大政府官方发布消息，应美方要求已于上周六逮捕华为首席财务官孟晚舟。孟晚舟为华为创始人任正非的长女。美方给出理由为孟晚舟“涉嫌违反美国对伊朗的贸易制裁。”1 –孟晚舟在哪里被捕？a.美国政府办公地点b.加拿大某机场c.中国华为公司内部d.伊朗境内2 –孟晚舟被逮捕美国方面给出的理由是什么？a.违反美国对伊朗的贸易规定b.违反加拿大交通运输规定c.违反美国和欧盟出口管制法律d.华业公司没有向美国纳税
3988	6	https://hskreading.com/journey-to-the-west/	Journey to the West	西游记	This is really hard – above HSK 6.	中国古典名著《西游记》里有一段话  “你说四大皆空，却紧闭双眼，要是你睁开眼睛看看我，我不相信你两眼空空。不敢睁眼看我，还说什么四大皆空呢？”故事说的是，唐僧离开女儿国。女儿国国王凤冠霞披，美艳不可方物，却轻倚城头在文武百官前。对着唐僧的背影呼唤“御弟哥哥，若有来世，娶我可好”。夕阳下，不远处一骑白马缓步而行，隐约中马背上的身形顿了顿，终没有回头。看《西游记》的时候，以为女儿国是最好过的关，后来才知道这是最难的，问世间情为何物，直叫人生死相许。1 –中国四大名著不包括？- General knowledge, not in the article.a. 《西游记》b. 《聊斋志异》c. 《水浒传》d. 《三国演义》2 –为什么作者说，后来才知道这是最难的？a.女儿国国王最奸诈b.唐僧受到的磨难最多c.男女感情让人心痛d.女儿国让人经历生死
3935	6	https://hskreading.com/classroom-management/	Classroom management	教室管控能力	This advanced Mandarin reading article was written by a teacher who teaches English in a small Chinese city.	教室管控能力，是一名教师必备的能力，风格也因人而异。测算过以后，在某些方面，自己是权威的，严格的，某些方面也是松懈的。但是，我个人更倾向于教室管控能力在某些方面必须是严格的。如果不严格，行为没有规范，学习是没有办法开展的。严格与宽松之间的平衡点，需要自己去揣摩。最让我受益匪浅的环节是纪律维持小技巧的传授。当学生哄闹时候，自己可以说321，学生答123或者if you can hear me touch your eyes or touch your nose，以此以一个人带动更多人，让学生的注意力回到课堂中来。而不是自己大喊，长期以往自己的身体受损，学生也会大喊，更重要的是纪律状况不会改观，自己从这份工作中获得的幸福感也会降低。杜老师分享的课程，我关注最多的是理论与实践知识的结合，体现为，在备考教师的过程中认识了很多教育理论，教育理念，教育方法，但是工作的这段时间，已经将它们抛之脑后，觉得没有用处。可是，听了杜老师的分享以后，我认识到其实不是的，理论可以提供信念支撑，并在此基础上发展延伸，用很多趣味性的活动，将理念贯穿其中，这样的课堂才是学生喜欢的，同时也才是有效率的，科学的，能够让学生对英语学习更感兴趣的，这才是更长久的。游戏环节的记别,拼写合作部分和打篮球游戏，在之前的工作经历中也有所接触，但是我总是在工作中有所畏惧，觉得不适合。不适合场地，不适合氛围，各种理由。但其实是自己没有调整好上课流程，没有提前预估情况，备课还是不充分，只有做好足够准备才能为学生成长一把火。1 –作者认为教室管控应该是怎样的？a.宽松的b.松懈的c.严格的d.自由的2 –当学生不能遵守课堂纪律时，作者认为应该怎样做？a.以少带多回到课堂内容b.教师要大喊吸引学生注意力c.开展趣味性活动d.调整上课流程
3898	6	https://hskreading.com/reporting-crime/	Reporting Crime	人民的安全	This advanced reading article is about China’s anti-corruption campaign.	A common anti-corruption slogan is打黑除恶which you can see hanging on banners in many Chinese cities. They are usually accompanied by a message such as the one below.民惟邦本，本固邦宁。平安是人民幸福安康的基本要求。黑恶势力是危害经济社会健康发展的毒瘤，是人民群众深恶痛绝的顽疾。遇到黑恶势力，很多被害人都是敢怒不敢言，想躲也躲不掉，想反抗却没有能力应对。所以，越是怕，越是助长了黑恶势力的嚣张气焰。在此，学校呼吁各位家长，作为社会一员，遇到黑恶势力，我们应积极检举、勇于揭发黑恶势力违法犯罪线索，现将举报方式公布如下：1．举报地址：天津市和平区平安大街5号（公安和平分局打击犯罪侦査支队），邮编：2．联系电话：3．电子邮箱：邮箱：1 –民为邦本，本固邦宁是什么意思？a.平安是人民的根本，人民平安国家就会幸福b. 黑恶势力是打击的根本，没有他们国家就会安定 c.反动群体是危害国家的根本因素d.人民是国家的根本，人民团结国家就会安宁2 –这封倡议书，是谁发布的？a.学生b.家长c.学校d.公安局
3893	5	https://hskreading.com/a-chinese-business-tycoon/	A Chinese business tycoon	王思聪	HSK 5 graded reading about a Chinese businessman. You can see his picture on the right.	王思聪，是一个在中国社交媒体上具有广大号召力的名字。他的父亲是中国首富王健林，万达房地产公司董事长。王思聪毕业于英国伦敦大学哲学系，随后回到中国。据网络传闻，王思聪回国后其父王健林给了他5个亿，让他锻炼投资。几年之后，王思聪通过投资已经将5亿变成60亿。他的投资范围涉及医院、影视、游戏等等。最著名的当属IG游戏公司，在2018年度英雄联盟总决赛中获得总冠军。富二代的称呼，让王思聪在别人眼里是极度纨绔的富家子弟，但他的经商头脑也的确高明。1 –王思聪的投资回报率是多少？a. 10倍b. 12倍c. 18倍d. 2倍2 –根据文章可以推测，富二代是什么意思？a.父母拥有财富的子女b.在海外留学过的年轻人c.父亲给予投资经费的人d.经商头脑精明的人
3874	6	https://hskreading.com/respecting-chinese-culture/	Respecting Chinese Culture	尊重中国文化，融入世界潮流	Another advanced Chinese article to be studied.	最近中国社交媒体中愈演愈烈的一件事情是，意大利奢侈品牌Dolce & Gabbana杜嘉班纳在中国举办大秀之前发布了一段宣传视频。在这段视频中一位华裔模特，用着长长的筷子试图去分割玛格丽特披萨，并且将筷子说成小棍子。视频女主角故意眯着眼睛，笑咪咪地品尝着食物，在外国人眼中，眯着眼睛是侮辱中国人的体现。而且还有涉嫌性骚扰的内容。之后，网络上流出一段Twitter对话截图，对话中品牌创始人攻击中国为屎一样的国家。视频发布之后，杜嘉班纳品牌曾在社交平台上解释，账号被盗。但这种解释并没有平息愤怒的中国民众，账号被盗明显为虚假的说辞。稍后，品牌创始人在中国社交平台微博上发布道歉视频。但广大中国民众依旧发出抵制该品牌的号召。随着中国经济迅速发展，国外品牌对中国的重视程度较以往提高。但是也有部分品牌出现侮辱中国的现象，他们不尊重中国文化，歧视中国民众的认知。但是却希望获得中国市场，这是不可能达到的理想状况。因此，相互尊重才能够相互获利。1 –杜嘉班纳广告惹怒中国人的原因不包括？a.侮辱中国人b.涉嫌性骚扰c.品牌创始人攻击中国d.价格昂贵2 –作者认为外国品牌在中国怎样才能盈利？a.相互尊重b.降低价格c.正确使用筷子d.多采用中国模特
3870	5	https://hskreading.com/blind-people-and-guide-dogs/	Blind people and guide dogs	导盲犬	This advanced reading article is about guide dogs.	有人说，眼睛是心灵的窗口。可悲哀的是，有些人是看不清楚这个世界的，因为他们是盲人。他们眼中的世界是黑色的。那当他们需要出门工作或者有其他活动的时候该怎么办呢？马路上有川流不息的人群和车辆，这对盲人来说，是很危险的。这个时候，就是导盲犬大显身手的时候了。导盲犬是经过严格训练的狗，是工作犬的一种。经过训练后的导盲犬可以帮助盲人去学校、商场，乘坐交通工具等。它们带着项圈等配件，由绳子牵在主人手中，懂得很多口令，可以带领盲人安全地走路，当遇到障碍和需要拐弯时，会引导主人停下以免发生危险。它们真是盲人的好朋友！1 –为什么说导盲犬是盲人的朋友？a.导盲犬能帮助盲人生活b.导盲犬懂得口令c.导盲犬可以帮助主人避免危险d.以上都是原因2 –导盲犬这个词中的导是什么意思？a.引导b.开导c.领导d.主导
3760	5	https://hskreading.com/pork-vs-beef/	Pork vs Beef	为什么中国人比较喜欢吃猪肉？	For advanced readers: why is pork so prevalant in China compared to beef?	最近在思考一个问题，为什么中国人爱吃猪肉，相对来说，外国人更喜欢吃牛肉呢？我想可能有以下几方面原因。首先，性价比方面。两种动物的生殖周期和产仔率是不一样的，生殖周期来讲，牛要经过四年生长才能性成熟，猪只需要一年；产仔数的话，一头牛大部分一次只能产一只小牛，但是一只猪一次能产十只左右的小猪。数量上猪更充足，更能满足人口大国的需求。所以牛肉单单从经济角度来讲是很不划算的，当然对于像澳洲美国加拿大这样的地广人稀的国家来说是无所谓的，他们的可耕地面积足够多余，多余到用来养牛也不会影响他们的口粮。其次，历史原因。欧洲大陆畜牧业一直占有很大的比重；而中国及东亚历史上就是农耕社会，牛是主要劳动力，不但官府禁止屠宰，意外死了的话，全家都要痛不欲生的。所以，除了作为点缀的鸡鸭羊，养猪吃肉成了唯一的合理选择。1 –相比牛肉，中国人更多吃猪肉的原因不包括？a.历史原因b.产仔率c.文明因素d.经济因素
3746	5	https://hskreading.com/black-friday/	Black Friday vs Singles’ Day	黑五	Singles’ Day (know to the Chinese as双11) is a Chinese holiday that occurs on the 11th of November. It is the largest online and offline shopping day in the world.	美国有“黑五”，是感恩节之后的购物狂欢。商家降价销售，吸引了大批顾客。在中国，同样也有一个类似“黑五”的购物狂欢节，甚至要比“黑五”更加疯狂，那就是双11。之所以叫双11，是因为这一天是在每年的11月11日。这个节日，是由中国最大的线上购物平台阿里巴巴的淘宝最先提出的。线上商家以降价五折甚至更多的力度来进行促销。淘宝在这一天的成交额可以达到上千亿人民币。在大幅降价的诱惑下，人们会屯下一年的生活用品。但是双11，也存在很多问题，例如，假货的存在和物流信息的滞后等。1 –根据文章可以推测，双11更符合哪种特征？a.旅游节日b.购物节日c.庆祝节日d.宗教节日2 –如果一件商品的原价是100元，降价五折后在双11的售价是多少钱？a. 50元b. 11元c. 110元d. 45元
3466	5	https://hskreading.com/bicycle-thieves-news-report/	Bicycle thieves news report	民警午夜抓获偷车贼	Advanced Mandarin reading in the style of a news report.	昨日，有热心观众向本报提供线索，在南京路附近看到几名四十岁左右的男人，在半夜时候偷盗毁坏共享单车。他们鬼鬼祟祟的用锤子砸开车锁，然后迅速装进身旁的面包车。根据热心观众线索，本报迅速与南京路派出所民警联系，在午夜时分的南京路部署警力蹲点。终于，在凌晨一点，看到四名男同志，毁坏共享单车车锁，并将车子装进备好的面包车内，人赃俱获。之后，民警将犯罪嫌疑人带到派出所进行审讯，犯罪嫌疑人对犯罪事实供认不讳。借此，本报向广大群众呼吁，共享单车意在提供便捷设施服务大众，切不可财迷心窍，违法犯罪。 1 –你可能会在哪个地方看到这篇文章？a.杂志b.网络c.报纸d.书籍2 –关于这篇文章错误的是？a.几名男同志半夜偷到共享单车b.他们将窃取的共享单车放到准备好的面包车里c.盗贼不承认自己的偷盗行为d.共享单车不可以被私自破坏
3463	5	https://hskreading.com/weather-around-the-world/	Weather around the world	世界各地的天气	Learn meteorological and geographical terminology in this reading article.	地球被划分成了南北半球，所以在气温、气候和植被方面有很大差距。最明显的一个区别是，南北半球的温差，以中国和澳大利亚为例，中国是夏天的时候，澳大利亚是冬天，炎热的三十摄氏度和凉爽的十摄氏度。影响各地天气的因素有纬度，海路位置，地形等几个因素。从纬度来说，靠近赤道的地方温度偏高，很且降雨很多。从海陆位置来说，沿海地区温度要凉爽一些，因为靠近大海空气流动，降水也多。但是内陆地区降水比较少。地形因素，是因为通常情况下，迎风坡降水要比背风坡降水多，温度自然要高。因为这些因素，世界各地气温是不同的。
3382	5	https://hskreading.com/can-you-accept-makeup/	Can you accept makeup?	你可以接受整容吗？	This dense article is about makeup which, of course, has a huge market in China.	整容，指的是通过外科手术改变面容或者体形从而达到改善形象的目的。当代中国人对整形的接受态度相比较于几年前有所改观，态度更为包容。但是，有一部分人对整容持谨慎态度，甚至排斥。那么，你可以接受整容吗？整容在中国的火爆应该可以说是源起于韩国。作为与中国隔海相望的韩国，青春靓丽的歌星，演员都具有光线美丽的外表。似乎时间并没有在他们的身上留下任何痕迹。韩国造星行业的繁荣让很多怀揣明星梦的青少年趋之若鹜，层出不穷。但是有一部分年轻人并没有在外表方面达到可以出道，享受明星待遇的水准。因此，他们便将目光投向了捷径的整容。整容可以让他们在短时间内部分或者彻底改变自己在容貌方面的缺憾，更有甚者以一种全新的形象，气质出现在大众面前。这种恍然的态度，自然也在潜移默化中传递给了作为普通观众的大众群体。他们或许在感情生活中因为外貌受到了某种创伤，或许在找工作过程中遭遇歧视，或许因为某种生活中的大变故，因此，想要通过整形让自己更为自信，更具面对生活的武器。相反，不能接受的人则认为，身体发肤受之父母，因此要爱惜自己的身体。一个人的美丽并不完全源于外貌，还有心灵的美丽，甚至内心的纯净与否更为重要。一个人的外貌或许并不出众，但是他饱读诗书，用自己的学识填补了外表的短缺。他们也更不在乎外貌，因为腹有诗书气自华。自信的气质和由内而外散发的心灵魅力让他在人群中更为闪耀。你对整容是怎么看的呢？1 –根据文章，韩国明星整容的原因不包括？a.没有达到明星水准b.明星中流行整容c.提升形象气质d.内在气质不出众2 –以下观点可以作为反方不支持整容的有？a.形象出众更容易找到工作b.明星需要靓丽的外表c.内在美高于外在美d.内心善良在当代社会没有任何用处
3369	6	https://hskreading.com/is-intelligence-innate/	Is intelligence innate?	聪明是天生的吗？	Is intelligence something you are born with, or can it be acquired through study and practice?	我们从小到大总会听到父母和老师，夸奖某个孩子特别聪明，学东西一学就会，反应很快。而有的同学呢，相反，却反应迟钝，学习时总是遇到各种困难。那么聪明是天生的吗？我们是天生就和别人存在差距吗？还是后天的变化导致了大家不同的聪明程度呢？首先，聪明并不是与生俱来的，每个人都有成才的潜质。我们需要做的是通过不断的练习来挖掘自己的潜质，并将其发挥到最大程度。例如，当我们发现自己对绘画十分热爱时，可以找到相关书籍或者老师，经过培训，也许就会成为一位绘画能手。在这个过程中，肯定会遇到若干困难，打击自信心，但是如果经历过这个过程，度过高原期就会别有洞天。其次，聪明的确会受到父母基因，主要还是父母教育的影响。父母具有良好的教育背景好的身体素质，自然会从孩子出生时候起便制定优秀的教育计划，家庭氛围也会相对和谐，以上这些都为孩子的成长提供了便利条件。最重要的，一个人聪明与否还是取决于自己的努力程度。只有不断的努力才能得到自己想要实现的目标。目标实现之后，自己信心倍增，又反过来激励自身更加努力。拥有良好的天赋，但是后天不努力，将自身才华荒废掉，最终也只会是江郎才尽，泯然众人。日本科学家通过一项研究证明，因学习而产生的“西塔波”可以促进脑神经细胞生成，这种脑神经会使人更加聪明！1 –影响聪明程度的因素不包括什么？a.基因b.努力c.潜质d.西塔波2 –与生俱来是什么意思？a.与学生一起来的b.在生活中学习获得的c.随着脑细胞生长获得的d.出生时候就带来的
3365	5	https://hskreading.com/how-long-could-you-last-without-using-a-mobile-phone/	How many days could you last without a mobile phone	没有手机你可以活几天？	An advanced Mandarin article discussing living without phones – sent in from a smartphone.	在当代人的社会生活中，手机扮演着重要的角色。现代人可以说是，人人都有手机，手机就“长”在人们的手上。早晨睁开眼睛的第一件事是去摸手机，上厕所的时候看手机，吃饭时候看手机，工作间隙休息的时候看手机，晚上睡觉之前要不停的刷手机才能够入睡。小孩子用手机来玩游戏，商务人士依靠手机来办公。各种各样的手机客户端把偌大的世界存储在越来越小，却越来越智能的手机当中。可是你能想象下没有手机的生活吗？假如你的世界中没有了手机，你会习惯吗？假如没有了手机，你的业余生活将联系不上家人和朋友，只剩下房间中的自己。世界将会和你隔绝，因为你没有办法去获取社会上正在发生的信息。没有了手机，娱乐生活也会缩减大半。影视节目将从你的时间中消失，各种关于自我爱好的信息将会停止更新。这之后的寂寞与孤独不知道你能不能承受？没有了手机之后，你一定会有不适应，觉得生活中缺少了及其重要的一部分。但是，你会发现自己有了更多可以自由支配的时间，用来做家务，让自己的小家焕然一新。你会有更多的时间来读书，充实自己的大脑，开阔眼界。你也会有更多的时间来和朋友相处，倾听彼此的心声。科技的发明就是这般，它们为人类的生活带来了便捷，也增添了麻烦。假如没有了手机，人们的生活的确会发生很多不便，但是若被科技绑架，的确是不明智的现代人行为。  1 –手机带来的好处不包括什么？a.娱乐方式增多b.办公更加便捷c.自由支配时间增多d.人与人之间联系紧密2 –作者对科技与生活的态度是什么？a.完全支持b.坚决反对c.没有体现d.辩证看待
3362	5	https://hskreading.com/my-hometown/	My Hometown	我的家乡	For advanced readers: an article in which the author reminisces about their hometown.	我的家乡在一坐不大不小的村庄，坐落在城市的一角。在那里我度过了整个童年，小学和初中。随后，因为上学等种种原因很少再回到那里。可是不管如今我身在何处，都觉得那里才是我整个人生的起点，那里才是我挚爱的地方。小时候，我和弟弟，以及胡同里的小伙伴一起玩耍，我们玩一种用折纸做成的玩具。我们一起走着去学校，在上学的路上侃大山，今天发生了什么，我们又都打算做些什么。二十多年前的农村，还不像现在这般，物质的匮乏，信息的闭塞，都是我所经历过的。那时候，我们的购物场所就是村里的小卖部，以及每五天一次在乡镇的集市。我们跟随着父母亲戚去集市上采购一周所需要的物品，挑挑拣拣，十分欢乐。然后坐着大人们的农用三轮车一起回家。那时候，晚饭过后，大家会走出家里，来到胡同，大人小孩们围坐在一起，聊着天。大人们说说这一天又劳作了什么，哪里的庄稼好，哪里的庄稼需要更精心。小孩子们就在大人的周围忙着跳房子，跳皮筋。妈妈和奶奶会用一口大铁锅，做出一大家人的饭菜，然后全家人围坐在一起。逢年过节的时候，妈妈才舍得给我们买一身新衣服。穿上新衣服的时候就是最开心的一刻。几十年过去了，回过头来看过往，越来越发现，家乡才是我内心深处最宁静的地方。即使不常回去，但那里留存着我最多的感情。1 –侃大山是什么意思？a.登山b.聊天c.做游戏d.劳动2 –小时候，我们不会做什么？a.去赶集b.跳房子c.坐三轮车d.不回家3 –作者对家乡的情感是怎样的？a.怀念b.讨厌c.冷淡d.宁静
3357	6	https://hskreading.com/the-story-of-jing-dong/	The rumors surrounding Jing Dong	深陷绯闻中的刘强东	Jing Dong (京东) is a very popular online retailer in China, similar to Amazon in the west.	9月的第2天，随着中国地产大亨王健林儿子王思聪的一则爆料，京东商城创始人，电商巨头刘强东被爆出在美国明尼苏达州性侵留学生。这样一则香艳的新闻迅速登上了中国社交媒体的头条，甚至成为爆款。人们在大肆讨论着霸道总裁，他年轻貌美拥有高学历的妻子，以及那位不知名的女大学生到底是何方神圣。随后京东发言人，做出回应，刘强东在美国遭到了非实指控，并且已经保释。第二天，中国媒体已经联系上了刘强东在美国的律师并且得到了他在明尼苏达州警察局穿着囚犯服的照片！再之后，刘强东回国，并且如往常一样参加了在京东举办的商务活动。人们在对此次事件做着各种假设：性侵对于一个大名鼎鼎的老板来说，实在没有必要。商业诬陷，做空股票或者资本入侵等等。大多数参与讨论的人，对刘强东的印象还是很正面的，因为他民营企业家的身份。在中国迅速发展的物流行业中，京东为企业员工缴纳高昂的五险一金，这在行业中实属罕见，一年单此项费用就达到60亿人民币以上。刘强东来自江苏省宿迁市的一个农村，大学入读人民大学，读大学时带着亲戚们凑的500块生活费和咸鸭蛋开始了自己贫苦打拼的大学生活。此后他迷上了计算机，毕业之后没有像预想的一样走入仕途，而是在中关村的一个小商铺里开始了自己的刻录光盘生意，取名京东多媒体。京是他初恋女友姓名中的一个字，东是他自己。但是穷小子并没有留住美丽的姑娘，两人最后分手。此后，刘强东经过多年打拼，终于成立了京东商场，并经过融资风险存活下来。1 –京东商场名字的由来是什么？a.刘强东和他女友的名字b.刘强东和美国女生的名字c.刘强东出生地的名字d.刘强东小商店的名字2 –外界对此次事件的猜测不包括什么？a.刘强东好色b.商业诬陷c.做空股票d.资本入侵
3346	5	https://hskreading.com/a-teachers-weekly-diary/	A teacher’s weekly diary	一则周记	Learn about the life of a teacher in China in this Mandarin reading article.	今天是周六，我度过了自己正式工作的第一周。这一周里，我体会更多的是劳累和与预想工作的落差。我们是其他人眼里的人民教师，人们会认为我们工作轻松，工资不低，有社会地位，还有暑假和寒假。但是当我正式工作以后，我慢慢意识到，教师的工作并不光鲜。早晨7点半，我们一定要走进教室，盯着学生们早读。身为班主任的我，还要处理学校分配给教师的各种琐碎任务。作为一名小学老师，学生们活泼好动，课间在说话大闹，课堂活动也是难以控制。一周的工作之后，我的嗓子疼痛，几近失声。家长们都很爱自己的孩子，时刻关心着他们的学习成绩，在学校的一举一动。学生回到家之后会转告父母在学校发生的各种事情。之后，便是一个又一个的电话，一条又一条的信息，不胜其扰。记得，我是小学生的时候，自己和其他的小伙伴一起走着去学校。在路上一起聊天，就在这一次次的上下学路上，我们慢慢成长，慢慢独立，知道如何注意交通安全，如何与人相处。可是，现在的小学生全然不同。这天早晨，我听见一位父亲骑着单车，带着自己的孩子，和他说：“爸爸以前上学时候，自己走着去上学，不用家长接送。你们现在都10岁了，还不知道注意红绿灯，你知道怎么过马路吗？”孩子答：“我不知道。”那时，我就在想，现在的教育方式到底有没有问题？1 –一名教师每天的工作不包括什么？a.盯早读b.琐碎任务c.讲课d.送学生上学2 –作者认为现在的教育方式怎么样？a.有很多问题b.没有任何问题c.老师不应该关注学生d.学生要自由发展
3342	5	https://hskreading.com/does-he-really-love-me/	Does he really love me?	他真的爱你吗？	An advanced article discussing love.	一位女生朋友打电话和我哭诉，昨天晚上她又和男朋友吵架了。她哭的十分伤心。这已经是她一个月以来打给我的第三次了，每次吵架的理由也是大同小异：男朋友嫌弃她买的化妆品贵，男朋友一直打游戏忽略她，种种种种。身为好友，我保持着耐心倾听的心态，不停劝解安慰着她。挂断电话，我的脑子里一直闪现着这个念头：他真的爱她吗？年轻人之间的相恋难免会有争吵，可是如果争吵的频率太过频繁，这样的恋爱是否还值得继续？是否值得你去浪费自己的青春？男朋友嫌弃你的化妆品和衣服贵，事实是这些物品是否真的超出了你的消费范围？他是否觉得自己购买的游戏装备也是很贵的？都说，一个人如果爱你，是希望你变得更好，尊重你的一言一行，他是否做到了？到底是你的化妆品贵还是他认为自己的一切才是更值得消费的？而不是你？男朋友一直打游戏忽略你，把你的话当耳边风。就算是你极力讨好，他也不会放弃电脑游戏和网络虚拟世界里的朋友关系。似乎那才是他快乐的源泉，而不是就陪在他身边的你。没有了沟通的感情怎么能够称之为感情？我想，一场爱情，是值得付出时间、金钱、眼泪，甚至更多的修行。在这场爱情的历程中，我们彼此都在成长，变成更好的自己，成全更好的他人。他让你的脸上常挂着笑容，你让他变得更加成熟有魅力。一场彼此之间的成全。1 –大同小异是什么意思？a.完全相同b.大体上相同，有小的差别c.有本质上的区别，有很小的相似之处d.完全没有相似的地方2 –为什么说“爱情是一场彼此之间的成全”？a.男生可以自由打游戏，女生可以随意买化妆品b.在爱情里，男女彼此成长，成为更好的自己c.男女生都牺牲了自己，成全了对方d.一方放弃自己的喜好，迎合对方
3339	6	https://hskreading.com/back-to-school/	Back to school!	开学啦！	An advanced reading article about going back to school. It uses very descriptive language – perfect for spicing up your spoken Chinese.	今天是9月1日，是全国中小学开学的日子。当一个话题涉及到学生的时候，便会成为中国人的全国性话题。这样的日子，也是几家欢喜几家愁。要开学了，有些学生特别高兴，因为他们认真完成了暑假作业，休整了一个假期，又可以见到自己喜爱的老师和同学，并且回归课堂，开始新的知识学习。他们喜欢读书，喜欢享受在知识的海洋中遨游。他们在2个月的暑假中，循序渐进的完成着自己的各项计划：暑期作业，外出旅行，提高培优。而有些学生就是另一番景象了，开学前的一周，简直就是在用生命完成暑期作业。他们三五成群的在肯德基麦当劳餐厅里，集体突击暑假作业，甚至相互抄袭。当然，少数家长也会加入到补暑假作业的阵营中，他们会亲自上阵为孩子抄写暑假作业，完成各种图表，计划，调研。对于新入学的同学和家长来说，开学季也是一场没有硝烟的战争，一场无形中的比拼。他们需要为孩子们准备五花八门的学习用品，学习设备。别的孩子有电脑，他们不能让孩子落在起跑线上，要买！别的孩子报名了英语培训班，他们不能让孩子落后，要报名！别的家长提前给老师赠送了小礼物，他们不能让老师对孩子没有印象，要送礼！开学季，就像一面镜子，折射着家庭素养，折射着教育体制，折射着一个国家的未来。1 –为什么有些学生开学时候很高兴？a.因为他们突击写完了作业b.因为家长为他们准备了开学物品c.因为他们休整了一个假期又可以看到喜欢的老师和同学d.因为他们的家庭素养高2 –为什么说开学季是一场没有硝烟的战争？a.这是一场无形中的比拼b.这是家长们之间打斗的战争c.这是学生们补作业以后的感受d.因为学生们又要投入到战斗中了
3333	6	https://hskreading.com/technology-and-life/	Technology and Life	科技与生命	Technology plays a large role in our lives; read the Mandarin article below to find out more.	科技改变着人们的生活。随着各类打车软件的出现，“出门难”问题迎刃而解。人们可以在出行前打开手机APP，输入自己想去的地方，几分钟之后，司机便可以通过定位，接到您。同时，网约车公司还为司机和客人提供了各种优惠券，真是便捷，高效，省钱！滴滴公司便是其中的翘首。然而，随着滴滴公司业务的不断拓展，安全问题频频出现：今年5月份，一名空姐曾在搭乘滴滴顺风车时，惨遭司机杀害。8月，乐清警方接群众报，称其女儿乘坐滴滴顺风车向朋友发送“救命”讯息后失联。其朋友迅速向滴滴客服反应该紧急情况，但是滴滴客服在层层审核上报之后，为时已晚。这引起了广大民众的愤怒，人们强烈要求滴滴公司进行业务整改，维护自己的生命安全。滴滴公司之后向社会道歉，但是冷漠的道歉信并没有缓解社会舆论。之后，交通部也入驻滴滴公司进行督办。在面临科技带给生活便利和生命至高无上的抉择时，相信大家必然会选择生命。公司要合法经营，从源头上加强安全保障，产品功能的升级优化以及乘客出行面临安全问题时刻的警企联动，在问题层出不穷时，显得十分必要。身为一名普通的乘客，我们能做的是在出行时加强安全防范意识，尽量选择正规公司，同时避免在深夜独自出行。也可以设置一名紧急联系人或者在行程中时刻保持与家人朋友的通话。1 –为什么网约车受到人们的欢迎？a.昂贵b.拥堵c.高效d.危险2 –身为普通人如何保障出行安全？a.合法经营b.产品功能升级c.警企联动d.选择正规公司加强安全意识
3329	5	https://hskreading.com/spring-festival-gala/	Spring Festival Gala	春节联欢晚会	If you’ve ever been in China during Spring Festival, you’ll know that watching this TV show is a tradition amongst Chinese people.	春节联欢晚会是中国农历新年的盛大活动，是中国人年夜饭必备的“一道菜”。也会面向世界各地进行转播，已然成为全球收视率最高的节目。春节联欢晚会的筹办工作自从每年8月份就会开始，历经半年之久。这项盛大的节目自1983年开始，经历了30多年的发展。每年的春节联欢晚会，大致都会由歌舞，小品，京剧，魔术等组成，数以千计的演职人员参与其中。能够参与春节联欢晚会是演艺界人士的荣幸，同时也是对他们工作的认可。每年的晚会都会出现一波被人喜爱的节目和演员、歌手。例如，小品演员赵本山，在春晚舞台上总共表演过21个小品，其中十五次获得中央电视台春节晚会一等奖。他的东北特色小品为千家万户带去笑声。同时，像“常回家看看”“时间都去哪了”等歌曲，也都在春晚过后广为人知。 但是随着社会的发展，中国人的文化盛宴不在局限于每年的春节晚会。经济的发展打开了中国人的眼界，他们对春节晚会的节目提出了更高的要求。因此，越来越多的批评声音出现。他们开始认为春晚的节目过于“程式化”，节目单调。因此，春晚也在尝试创新和改变，力求让中国人的农历新年“开门红”！1 –春节联欢晚会是什么？a.过年时中国人吃的一道菜b.春节时的大型文艺演出c.中国农历新年的开始d.演艺界人士的自发活动2 –为什么对于“春晚”出现了越来越多的批评声音？a.社会发展迅速，人们可以接触更多的活动b.经济发展提升了人们的审美要求c.春晚节目过于单调乏味d.以上都是批评的原因
3323	6	https://hskreading.com/chinas-four-newest-inventions/	China’s Four Newest Inventions	中国新四大发明	The four great Chinese inventions are: The Compass, Papermaking, Gunpowder, and Printing.	近几年中国有一种流行的说法，是中国有了新的四大发明。它们是高铁、扫码支付、共享单车和网购。这些新的发明让在中国的生活更加便捷，简单和高效。中国高铁里程到2017年底，已经有2.5万公里。几乎中国的每一个大中城市都有高铁线路，横贯中国东西，南北。京沪线，京广线便是其中被广泛使用的线路。高铁速度快，价格适中，越来越多的人选择利用高铁出行。并且，人们可以通过12306 APP便捷购票。扫码支付是随着微信在中国的广泛使用而展开的。人们通过微信，支付宝的扫一扫功能即时的付款购物，收款。扫码支付被应用在大街小巷，人们可以通过扫码支付交水电费，买水果蔬菜，甚至大额交易。现代中国人可以不用携带现金，就可以从事各种活动，节省了大量时间。共享单车，是共享理念在中国的践行。共享，简单来说，就是让大家共同享用某一物品，达到循环使用，便利生活的目的。共享单车自2016年在中国达到了井喷式的发展，在学校，商圈，地铁站点，马路边可以看到各种颜色的共享单车。这大大方便了普通人的生活，同时也能做到节能减排。网购，是现代中国人通过网络购物的生活方式。尤其以阿里巴巴的淘宝以及京东为代表。人们通过网络购物的方式选择自己喜欢的衣服，食物，甚至家电等等各种物品。万能的淘宝几乎可以买到你能想到的各种物品，并且价格便宜。中国的物流也十分快速，在购物后的3天左右甚至更快就可以收到货物。1 –高铁受欢迎的因素不包括什么？a.价格适中b.运输能力高c.速度快d.十分便捷2 –中国古代四大发明不包括？a.指南针b.金刚钻c.火药d.造纸术
3319	5	https://hskreading.com/the-chinese-school-system/	The Chinese School System	中国学校的生活	This advanced Mandarin reading will teach you about the school system in place across China.	中国的学校体系当中有幼儿园，小学，初中，高中，大学，硕士，博士，博士后主要阶段。如今的中国年轻人读到大学比较普遍。现在以大学为例，为大家介绍一下中国的学校生活。中国的大学阶段和初中高中相比，比较简单，学习压力减小。大学当中根据自己所学专业会有相应的专业课程，比如英语专业的同学，会学习英语基础知识，口语，写作，翻译等等。也包括部分选修课程，根据学生自己的爱好选择不同的科目，丰富知识。在学习之外，同学们可以加入各种各样的学生社团，例如话剧社，辩论队，爬山队等，锻炼自己的交际能力，实践能力。中国的大学里会有食堂，供学生用餐，食堂当中的饭菜不仅便宜而且种类多样。学校周边也会有各种购物和娱乐场所，让学生们娱乐。对于中国大学生来说，在大学中大家会去努力学习知识，毕业之后找一份好的工作，并且希望找到一位喜欢的男/女朋友。1 –以下可能是英语专业学生选修课目的是？a.基础英语b.英语翻译c.导游知识d.英语听力2 –大学生生活可能不会涉及的方面是什么？a.学习b.恋爱c.锻炼自我d.挣钱交学费
3315	6	https://hskreading.com/about-movies/	About Movies	谈电影	This advanced reading article is about movies.	我出生在南方边陲的一个小城，而我的爸爸，则是地地道道的北京人，人们口中说的“四九城老爷们”。我爸有一个外号，人称“骨灰级电影迷”，对于他这样一个五十多人的人来说，确实不常见。他从小爱看书，爱看电影，梦想是能做一名电影导演，后来他确实从事了电影行业——电影院的放映员。在那个胶片年代，放电影是一件很简单的事情，把投影机放在桌子上，开始放映，就不用理会了。邻居甚至开玩笑的说，你这是毫无技术含量。虽然只是简单的电影放映员，但是爸爸对中国电影产业的发展如数家珍。他说过，电影，就是一个国家文化的缩影，是一个国家国力的体现。八九十年代，香港电影风靡中国，世纪更替之际，人们热衷于欧美科幻大片，对于其中的技术赞赏有加，而现在，他说，中国也能拍出精彩的电影。《长城》，科技和神话的结合，为这世界奇迹增添色彩；《百鸟朝凤》，呈现的是文化，诉说的是情怀；《厉害了我的国》，是电影，更是奏鸣曲，奏响新时期中国最强音。爸爸说，这都是电影体现的中国精髓，不必崇洋媚外，中国的好电影也能深得人心，去看看各大城市的影院，新上映的电影票房一遍又一遍刷新，“人们愿意从电脑、手机中走出来，回到放映厅，拿着零食，响起阵阵欢笑，这不正是童年影院该有的样子吗？1 –骨灰级电影迷是什么意思？a.特别喜爱电影的人b.一点都不喜欢电影的人c.偶尔看电影的人d.拍电影的人2 –爸爸认为中国电影应该怎么做？a.崇洋媚外b.中国精髓c.回到古代电影d.提高技术含量
3293	6	https://hskreading.com/the-asian-games/	The Asian Games	亚运会	The Asian Games are held every four years, just like the olympics. China is due to host the next games in 2022.	2018年8月18日，第十八届亚运会将在印度尼西亚首都雅加达拉开序幕，目前，亚运村已经正式开村，各国的代表团已陆续入驻亚运村，中国代表团于今日在亚运村举行了升旗仪式。本次亚运会主办权的争夺主要在越南和印尼之间展开，但越南方面宣布放弃申办。在亚运会开幕之际，组委会已经作好了各方面的准备，亚运村覆盖面积大，组委会开通了村内的摆渡车，据了解，摆渡车从早上7时至晚上11时不间断运行，方便运动员的出行。虽然距离开幕式还有两天时间，但一些周期较长的比赛项目已经拉开战幕。在已经结束的比赛当中，中国U23男足以6比0大胜东帝汶，迎来开门红。男篮比赛也将拉开战幕，代表中国出战的男篮红队的首个对手是劲敌菲律宾队。中国军团此次出征亚运会，目标仍然是捍卫金牌榜和奖牌榜的第一名。1 –下列哪个事件可以乘坐摆渡车？a.早6点到晚7点b.晚11点到凌晨3点c.早8点到下午3点d.早4点到晚12点2 –根据文章可以推测，东帝汶是什么？a.一个国家b.一个城市c.一个人名d.一项体育运动
3289	5	https://hskreading.com/doctor-patient-relationships/	Doctor-patient relationships	医患关系	This advanced Chinese reading article is about the importance of healthy doctor-patient relationships.	我国经济在近些年取得了快速的发展，已经跃居为世界第二大经济体，社会矛盾丛生，在这其中，医患关系是一对值得关注的矛盾体。我有幸在医疗行业有过工作经历，医患关系说复杂，其实也没那么复杂。从患者角度而言，他们将医院和医生视为救命稻草，花了不菲的价格，因病致贫、因病返贫的情况屡见不鲜。病人及家属受到了身心的折磨；而另一方面，医生已经使出了全力，却有不少病症已经超出了已知的医疗水平。就这样，追求与得不到的失望，构成了矛盾的双方。医患矛盾问题的解决，不能仅仅依靠制度和技术，关键在人，毕竟在病痛面前，人文关怀要远远大于冰冷的仪器。1 –医患关系严重的原因不包括？a.医生自私自利不能挽救患者生命b.患者付出金钱代价却没有最终被救助c.如今的医疗水平不能解决某些病症d.患者身心痛苦，医生也使出全力，但是不能解决问题2 –作者认为应该如何解决医患矛盾？a.政府制定政策措施b.科研组织研制最先进的设备，提升医疗水平c.人与人，心与心的沟通，体现人文情怀d.中国成为第一大经济体之后，医患矛盾就会得到解决
3285	5	https://hskreading.com/life-problems/	Life Problems	人生的问题	You will experience all kinds of emotions throughout life. Learn more by reading this advanced article.	人生中许多问题都具有两重性，正如一枚硬币的正反面，事情也有两面，从这个角度来说，你的缺陷很有可能是你成功的阶梯。当你认为你所处的情况很糟糕的时候，恰好那正是你的转机。在国外，有一名孩子，他在上初中的时候，父母就早已为他打好了日后的基础，希望他学习文学，成为一名诗人。上学没多久，老师就给他的作业写下了这样的评语：“该学生学习很用功，很努力，但做事情过于严谨和死板，以后很难在文学上有所造诣”。老师点出了他的缺点，并认为严谨的特点可以学习化学，建议他朝这方面发展。果然，老师的建议取得了成效，在化学领域，他如鱼得水，在若干年后获得了诺贝尔化学奖，他就是瓦拉赫。一座山，在阴暗的另一面，必定是阳光明媚，不完美的人生，才会让我们体会喜怒哀乐。1 –根据文章推测，“两重性”是什么意思？a.两面性b.好的方面和坏的方面c.乐观的方面和悲观的方面d.既可以成为诗人也可以成为化学家2 –怎样理解“不完美的人生，才会让我们体会喜怒哀乐”？a.没能成为诗人，但最终成为化学家，人生也是成功的b.一座山，在阴暗的另一面，必定是阳光明媚c.人们本就没有完美可言，都是存在遗憾的d.正因为人生有不顺利不完美，才能体会到人生的精彩
3212	6	https://hskreading.com/curtailing-the-salary-of-superstars/	Curtailing the salary of superstars	限制明星高昂片酬	This advanced reading article is certainly a challenge to read, but has all kinds of useful Chinese to learn!	近日，中国政府相关部门发布通知，内容主要为限制影视明星高昂片酬，取缔“阴阳合同”，偷税漏税等行为。而这次娱乐圈的风暴起源于《手机2》的开拍，故事涉及以下几个人物，崔永元（著名主持人），冯小刚（著名导演），范冰冰（著名演员），华谊公司。你想知道故事的原委是什么样吗？十五年前，冯小刚导演拍摄了贺岁片《手机》，声名大噪。而在此之前，他曾经邀约著名主持人崔永元担任其中的主演。崔永元虽然拒绝了，但是也为其出谋划策。电影上映之后，崔永元发现，《手机》中的主人公，是以自己为原型的，各种模仿自己的形象。让他更为气愤的是，电影中的主持人婚外情，此举，在崔永元看来是对其莫大的侮辱。因此，崔永元的抑郁症病情更为严重。十多年之后，冯小刚导演开拍《手机2》。崔永元再也坐不住了，认为这是对他的二次伤害。再加上，由于范冰冰在社交媒体，微博，晒出的剧照，刺激了崔永元。因此，崔永元在社交媒体上曝光了娱乐行业存在的“阴阳合同”偷税漏税等行为。导致华谊公司股票下跌。随着事件在社交媒体上的大肆报道，近日，相关部门和制作公司发布通知，限制明星高昂片酬，力争促进影视行业健康发展。（范冰冰去年一年的收入达到约3亿人民币，纳税额度却很少） 1 –崔永元为什么对电影<手机>的上映感到愤怒？a.导演没有为他支付演出费用b.电影情节是对崔永元的人格侮辱c.电影票房不好d.这部电影拍摄过程中出现偷税漏税行为2 –根据短文可以推测阴阳合同是什么意思？a.白天和夜晚签订的合同b.男人和女人签订的合同c.姓氏为阴和阳的人签订的合同d.表面和实际不相符合的合同
